Id_Funcionario,Idade,Valor Diaria,Indice_Envolvimento_Trabalho,Nivel_Satisfacao_Trabalho,Salario_Mensal,Numero_Empresas_Anteriores,Disponivel_Hora_Extra,Percentual_Ultimo_Aumento_Salario,Aval_Performance,Anos_Experiencia,Numero_Treinamentos_Ano_Anterior,Anos_na_Empresa,Anos_Funcao_Atual,Anos_Desde_Ultima_Promocao,Anos_com_Gerente_Atual,Promocao_Recomendada,Id_Funcao,Id_Departamento,Id_Viagem,Id_Genero,Id_Estado_Civil
1,41,1102,3,4,15993,8,S,11,3,8,0,6,4,0,5,Não,1,1,1,1,1
2,49,279,2,2,15130,1,N,23,4,10,3,10,7,1,7,Não,1,1,2,2,2
4,37,1373,2,3,12090,6,S,15,3,7,3,0,0,0,0,Não,2,1,1,2,1
5,33,1392,3,3,12909,1,S,11,3,8,3,8,7,3,0,Não,1,1,2,1,2
7,27,591,3,2,13468,9,N,12,3,6,3,2,2,2,2,Não,2,1,1,2,2
8,32,1005,3,4,13068,0,N,13,3,8,2,7,7,3,6,Não,2,1,2,2,1
10,59,1324,4,1,12670,4,S,20,4,12,3,1,0,0,0,Não,2,1,1,1,2
11,30,1358,3,3,12693,1,N,22,4,1,2,1,0,0,0,Não,2,1,1,2,3
12,38,216,2,3,19526,0,N,21,4,10,2,9,7,1,8,Não,3,1,2,2,1
13,36,1299,3,3,15237,6,N,13,3,17,3,7,7,7,7,Sim,4,1,1,2,2
14,35,809,4,2,12426,0,N,13,3,6,5,5,4,0,3,Não,2,1,1,2,2
15,29,153,2,3,14193,0,S,12,3,10,3,9,5,0,8,Não,2,1,1,1,1
16,31,670,3,3,12911,1,N,17,3,5,1,5,2,4,3,Não,1,1,1,2,3
18,34,1346,3,4,12661,0,N,11,3,3,2,2,2,1,2,Não,2,1,1,2,3
19,28,103,2,3,12028,5,S,14,3,6,4,4,2,0,3,Não,2,1,1,2,1
20,29,1389,4,1,19980,1,N,11,3,10,1,10,9,8,8,Sim,3,1,1,1,3
21,32,334,4,2,13298,0,S,12,3,7,5,6,2,0,5,Não,1,1,1,2,3
22,22,1123,4,4,12935,1,S,13,3,1,2,1,0,0,0,Não,2,1,3,2,3
23,53,1219,2,4,15427,2,N,16,3,31,3,25,8,3,7,Não,5,1,1,1,2
24,38,371,3,4,13944,5,S,11,3,6,3,3,2,1,2,Não,1,1,1,2,1
26,24,673,4,3,14011,0,N,18,3,5,5,4,2,1,3,Não,3,1,3,1,3
27,36,1218,2,1,13407,7,N,23,4,10,4,5,3,0,3,Não,5,1,1,2,1
28,34,419,3,2,11994,0,N,11,3,13,4,12,6,2,11,Não,6,1,1,1,1
30,21,391,3,4,11232,1,N,14,3,0,6,0,0,0,0,Não,1,1,1,2,1
31,34,699,3,1,12960,2,N,11,3,8,2,4,2,1,3,Não,1,1,1,2,1
32,53,1282,3,3,19094,4,N,11,3,26,3,14,13,4,8,Não,5,1,1,1,3
33,32,1125,1,1,13919,1,S,22,4,10,5,10,2,6,7,Sim,1,1,2,1,1
35,42,691,3,2,16825,0,N,11,3,10,2,9,7,4,2,Não,1,1,1,2,2
36,44,477,2,4,10248,3,N,14,3,24,4,22,6,5,17,Sim,4,1,1,1,2
38,46,705,3,1,18947,3,N,12,3,22,2,2,2,2,1,Não,5,1,1,1,1
39,33,924,3,4,12496,4,N,11,3,7,3,1,1,0,0,Não,2,1,1,2,1
40,44,1459,3,4,16465,2,S,13,3,9,5,4,2,1,3,Não,4,1,1,2,2
41,30,125,2,3,12206,1,N,13,3,10,5,10,0,1,8,Não,2,1,1,2,1
42,39,895,3,4,12086,3,N,14,3,19,6,1,0,0,0,Não,5,1,1,2,2
45,24,813,3,4,12293,2,S,16,3,6,2,2,0,2,0,Não,1,1,1,2,2
46,43,1273,4,3,12645,1,N,12,3,6,3,5,3,1,4,Não,1,1,1,1,3
47,50,869,2,3,2683,1,S,14,3,3,2,3,2,0,2,Não,5,1,1,2,2
49,35,890,3,4,2014,1,N,13,3,2,3,2,2,2,2,Não,5,1,1,1,2
51,36,852,2,1,3419,9,S,14,3,6,3,1,1,0,0,Não,1,1,1,1,2
52,33,1141,4,1,5376,2,N,19,3,10,3,5,3,1,3,Não,1,1,2,1,2
53,35,464,3,4,1951,1,N,12,3,1,3,1,0,0,0,Não,2,1,1,2,3
54,27,1240,3,1,2341,1,N,13,3,1,6,1,0,0,0,Não,2,1,1,1,3
55,26,1357,1,3,2293,1,N,12,3,1,2,1,0,0,1,Não,2,1,1,2,1
56,27,994,3,3,8726,1,N,15,3,9,0,9,8,1,7,Não,1,1,2,2,1
57,30,721,3,4,4011,1,N,23,4,12,2,12,8,3,7,Não,2,1,2,1,1
58,41,1360,3,3,19545,1,N,12,3,23,0,22,15,15,8,Sim,6,1,1,1,2
60,34,1065,3,3,4568,0,N,20,4,10,2,9,5,8,7,Sim,1,1,3,2,1
61,37,408,3,2,3022,4,N,21,4,8,1,1,0,0,0,Não,1,1,1,2,2
62,46,1211,3,4,5772,4,S,21,4,14,4,9,6,0,8,Não,1,1,2,2,1
63,35,1229,4,4,2269,1,N,19,3,1,2,1,0,0,1,Não,2,1,1,2,2
64,48,626,2,3,5381,9,S,13,3,23,2,1,0,0,0,Não,2,1,1,2,1
65,28,1434,3,3,3441,1,S,13,3,2,3,2,2,2,2,Não,2,1,1,2,1
68,44,1488,3,1,5454,5,S,21,4,9,2,4,3,1,3,Não,1,1,1,1,3
70,35,1097,2,1,9884,2,S,13,3,10,3,4,0,2,3,Não,4,1,3,2,2
72,26,1443,2,4,4157,7,S,19,3,5,2,2,2,0,0,Não,1,1,1,1,2
73,33,515,3,4,13458,1,S,12,3,15,1,15,14,8,12,Sim,6,1,2,1,1
74,35,853,3,1,9069,1,N,22,4,9,3,9,8,1,8,Não,1,1,2,2,2
75,35,1142,3,1,4014,3,S,15,3,4,3,2,2,2,2,Não,2,1,1,1,2
76,31,655,3,4,5915,3,N,22,4,10,3,7,7,1,7,Não,2,1,1,2,3
77,37,1115,2,3,5993,1,N,18,3,7,2,7,5,0,7,Não,3,1,1,2,3
78,32,427,3,4,6162,1,S,22,4,9,3,9,8,7,8,Sim,3,1,1,2,2
79,38,653,3,4,2406,1,N,11,3,10,2,10,3,9,9,Sim,2,1,2,1,1
80,50,989,2,3,18740,5,S,12,3,29,2,27,3,13,8,Sim,6,1,1,1,3
81,59,1435,3,1,7637,7,N,11,3,28,3,21,16,7,9,Sim,1,1,1,1,1
83,36,1223,3,3,10096,1,N,13,3,17,2,17,14,12,8,Sim,4,1,1,1,3
84,55,836,3,3,14756,2,S,14,3,21,2,5,0,0,2,Não,5,1,1,1,3
85,36,1195,2,2,6499,1,N,13,3,6,3,6,5,0,3,Não,3,1,2,2,1
86,45,1339,3,1,9724,2,N,17,3,25,2,1,0,0,0,Não,1,1,1,2,3
88,35,664,3,1,2194,4,N,13,3,5,2,3,2,1,2,Não,1,1,2,2,2
90,36,318,2,3,3388,0,S,17,3,2,0,1,0,0,0,Não,1,1,1,2,2
91,59,1225,2,3,5473,7,N,11,3,20,2,4,3,1,3,Não,1,1,2,1,1
94,29,1328,3,2,12703,0,N,23,4,6,3,5,4,0,4,Não,1,1,1,2,2
95,31,1082,3,2,2501,1,N,17,3,1,4,1,1,1,0,Não,1,1,1,2,1
96,32,548,3,2,16220,1,N,17,3,10,3,10,4,0,9,Não,1,1,1,2,2
97,36,132,4,4,13038,3,N,12,3,5,3,1,0,0,0,Não,2,1,1,1,2
98,31,746,3,4,14424,1,N,23,4,11,2,11,7,1,8,Não,3,1,1,1,1
100,35,776,2,1,14312,0,N,14,3,16,2,15,13,2,8,Não,1,1,1,2,1
101,45,193,3,1,13245,4,S,14,3,17,3,0,0,0,0,Não,6,1,1,2,2
102,37,397,3,3,13664,4,N,13,3,16,3,5,2,0,2,Não,6,1,1,2,1
103,46,945,3,2,15021,8,S,22,4,16,2,4,2,0,2,Não,1,1,1,2,3
104,30,852,2,4,5126,1,S,12,3,10,1,10,8,3,0,Não,2,1,1,2,2
105,35,1214,2,3,12859,1,N,18,3,6,3,6,4,0,4,Não,1,1,1,2,1
106,55,111,3,4,10239,3,N,14,3,24,4,1,0,1,0,Não,1,1,1,2,2
107,38,573,1,4,15329,7,S,12,3,17,3,13,11,1,9,Não,1,1,3,1,3
110,34,1153,3,2,4325,1,N,15,3,5,2,5,2,1,3,Não,3,1,1,2,2
112,56,1400,1,4,17260,4,N,11,3,37,3,6,4,0,2,Não,3,1,1,2,1
113,23,541,3,1,2322,3,N,13,3,3,3,0,0,0,0,Não,5,1,1,2,3
116,51,432,3,4,2075,3,N,23,4,10,4,4,2,0,3,Não,2,1,1,2,2
117,30,288,2,4,4152,1,N,19,3,11,3,11,10,10,8,Sim,4,1,1,2,2
118,46,669,2,4,9619,1,N,16,3,9,3,9,8,4,7,Não,1,1,1,2,1
119,40,530,2,2,13503,1,N,22,4,22,3,22,3,11,11,Sim,4,1,2,2,2
120,51,632,3,4,5441,0,S,22,4,11,2,10,7,1,0,Não,1,1,1,2,1
121,30,1334,2,2,5209,1,S,12,3,11,4,11,8,2,7,Não,1,1,1,1,3
124,46,638,2,1,10673,2,S,13,3,21,5,10,9,9,5,Sim,4,1,2,2,2
125,32,1093,3,3,5010,1,N,16,3,12,0,11,8,5,7,Sim,1,1,1,2,1
126,54,1217,3,3,13549,9,N,12,3,16,5,4,3,0,3,Não,6,1,1,1,2
128,24,1353,3,3,4999,0,N,21,4,4,2,3,2,0,2,Não,1,1,1,1,2
129,28,120,3,3,4221,1,N,15,3,5,3,5,4,0,4,Não,1,1,3,2,2
131,58,682,3,3,13872,0,N,13,3,38,1,37,10,1,8,Não,1,1,1,2,1
132,44,489,3,2,2042,4,N,12,3,17,3,3,2,1,2,Não,2,1,3,2,2
133,37,807,3,1,2073,4,S,22,4,7,3,3,2,0,2,Não,1,1,1,2,3
134,32,827,3,1,2956,1,N,13,3,1,2,1,0,0,0,Não,1,1,1,2,1
137,20,871,2,4,2926,1,S,18,3,1,5,1,0,1,0,Não,2,1,2,1,1
138,34,665,3,3,4809,1,N,14,3,16,3,16,13,2,10,Não,1,1,1,1,1
139,37,1040,2,4,5163,5,N,14,3,17,2,1,0,0,0,Não,4,1,3,2,3
140,59,1420,2,4,18844,9,N,21,4,30,3,3,2,2,2,Não,5,1,3,1,2
141,50,1115,3,2,18172,3,S,19,3,28,1,8,3,0,7,Não,6,1,2,1,2
142,25,240,2,3,5744,1,S,11,3,6,1,6,4,0,3,Não,1,1,1,2,1
143,25,1280,2,4,2889,1,N,11,3,2,2,2,2,2,1,Não,1,1,1,2,2
144,22,534,3,4,2871,1,N,15,3,1,5,0,0,0,0,Não,2,1,1,1,1
145,51,1456,2,1,7484,3,N,20,4,23,1,13,12,12,8,Sim,4,1,2,1,1
147,34,658,1,3,6074,1,S,24,4,9,3,9,7,0,6,Não,2,1,2,2,1
148,54,142,4,4,17328,2,S,12,3,23,3,5,3,4,4,Não,5,1,3,1,1
150,24,1127,3,3,2774,0,N,12,3,6,2,5,3,1,2,Não,2,1,1,2,2
151,34,1031,2,2,4505,6,N,15,3,12,3,1,0,0,0,Não,1,1,1,1,3
152,37,1189,3,4,7428,2,N,12,3,12,3,5,3,1,3,Não,1,1,1,2,1
153,34,1354,2,1,11631,2,N,12,3,14,6,11,10,5,8,Sim,5,1,1,1,1
154,36,1467,3,4,9738,0,N,14,3,10,6,9,7,2,8,Não,1,1,2,1,2
155,36,922,3,4,2835,5,N,22,4,7,2,1,0,0,0,Não,2,1,1,1,3
158,43,394,3,4,16959,1,S,12,3,25,3,25,12,4,12,Não,5,1,2,2,2
159,30,1312,1,3,2613,1,N,25,4,10,2,10,7,0,9,Não,1,1,2,2,3
160,33,750,3,2,6146,0,N,13,3,8,2,7,7,0,7,Não,1,1,3,2,2
161,56,441,3,2,4963,9,S,18,3,7,2,5,4,4,3,Não,1,1,1,1,2
162,51,684,3,3,19537,7,N,13,3,23,5,20,18,15,15,Sim,6,1,1,2,1
163,31,249,1,3,6172,4,S,18,3,12,3,7,7,7,7,Sim,1,1,1,2,2
164,26,841,2,2,2368,1,N,19,3,5,3,5,4,4,3,Não,1,1,1,1,2
165,58,147,3,4,10312,1,N,12,3,40,3,40,10,15,6,Sim,4,1,1,1,2
167,19,528,3,3,1675,1,S,19,3,0,2,0,0,0,0,Não,5,1,1,2,1
169,22,594,3,4,2523,0,N,14,3,3,2,2,1,2,1,Não,2,1,1,2,2
170,49,470,3,1,6567,1,N,14,3,16,2,15,11,5,11,Sim,3,1,1,1,2
171,43,957,4,3,4739,4,N,12,3,18,2,3,2,1,2,Não,1,1,2,1,1
174,50,809,3,4,9208,4,N,11,3,16,3,2,2,2,1,Não,1,1,2,1,1
175,31,542,1,3,4559,3,S,11,3,4,2,2,2,2,2,Não,1,1,1,1,2
176,41,802,3,3,8189,3,S,13,3,12,2,9,7,0,7,Não,1,1,1,2,3
177,26,1355,3,3,2942,1,N,23,4,8,3,8,7,5,7,Sim,1,1,1,1,2
178,36,216,3,2,4941,6,N,20,4,7,0,3,2,0,1,Não,3,1,1,2,3
179,51,1150,1,4,10650,2,N,15,3,18,2,4,2,0,3,Não,3,1,2,2,1
182,39,1329,2,3,5902,4,N,14,3,17,1,15,11,5,9,Sim,1,1,1,1,2
183,25,959,2,3,8639,2,N,18,3,6,3,2,2,2,2,Não,1,1,1,2,2
184,30,1240,3,4,6347,0,S,19,3,12,2,11,9,4,7,Não,1,1,1,2,2
190,32,1033,3,1,4200,7,N,22,4,10,2,5,4,0,4,Não,2,1,1,1,1
192,45,1316,3,4,3452,5,N,13,3,9,2,6,5,0,3,Não,1,1,1,2,1
193,38,364,3,3,4317,3,S,20,4,19,2,3,2,2,2,Não,1,1,1,1,1
194,30,438,3,3,2632,1,N,14,3,5,4,5,4,0,4,Não,1,1,1,1,1
195,32,689,1,4,4668,0,N,17,3,9,2,8,7,0,7,Não,1,1,2,2,3
197,30,201,3,1,13204,5,N,14,3,8,3,3,2,2,2,Não,1,1,1,1,3
198,30,1427,2,4,2720,0,N,13,3,6,3,5,3,1,2,Não,2,1,1,2,1
199,41,857,2,1,17181,4,N,13,3,21,2,7,6,7,7,Sim,5,1,2,2,3
200,41,933,3,1,2238,2,N,21,4,7,2,5,0,1,4,Não,2,1,1,2,2
201,19,1181,3,2,1483,1,N,14,3,1,3,1,0,0,0,Não,2,1,1,1,1
202,40,1395,3,2,5605,1,N,11,3,20,2,20,7,2,13,Não,1,1,2,1,3
204,35,662,3,2,7295,1,N,13,3,10,3,10,8,0,6,Não,1,1,1,2,2
205,53,1436,3,3,2306,2,S,20,4,13,3,7,7,4,5,Não,5,1,1,2,2
206,45,194,3,2,2348,8,N,18,3,20,2,17,9,0,15,Não,2,1,1,2,3
207,32,967,3,4,8998,1,N,14,3,9,2,9,8,3,7,Não,1,1,2,1,1
208,29,1496,3,3,4319,1,N,13,3,10,1,10,7,0,9,Não,3,1,3,2,2
211,51,1169,2,3,6132,2,N,17,3,10,2,1,0,0,0,Não,3,1,1,2,2
214,58,1145,2,2,3346,4,S,20,4,9,3,1,0,0,0,Não,1,1,1,1,2
215,40,630,2,4,10855,7,N,11,3,15,2,12,11,2,11,Não,1,1,1,2,2
216,34,303,3,3,12231,6,N,18,3,6,3,4,3,1,2,Não,5,1,2,1,2
217,22,1256,3,4,12323,1,N,24,4,2,6,2,2,2,2,Não,1,1,1,2,2
218,27,691,3,2,2024,6,N,18,3,6,1,2,2,2,2,Não,1,1,3,2,3
221,28,440,3,4,2713,1,N,11,3,5,2,5,2,0,2,Não,1,1,1,2,2
223,57,334,4,4,9439,3,S,16,3,12,2,5,3,1,4,Não,4,1,1,2,3
224,27,1450,2,3,2566,1,S,15,3,1,2,1,1,0,1,Não,1,1,3,2,3
226,50,1452,3,2,19926,3,N,15,3,21,5,5,4,4,4,Não,5,1,1,1,1
227,41,465,3,3,2451,4,N,12,3,13,2,9,8,1,8,Não,1,1,1,2,3
228,30,1339,3,4,9419,2,N,12,3,12,2,10,9,7,4,Sim,1,1,1,1,2
230,38,702,2,4,8686,4,N,22,4,12,2,8,3,0,7,Não,1,1,1,1,1
231,32,120,3,3,3038,3,N,20,4,8,2,5,4,1,4,Não,1,1,1,2,1
233,27,1157,3,2,3058,0,S,16,3,6,3,5,2,1,1,Não,1,1,1,2,2
235,19,602,1,1,2325,0,N,21,4,1,5,0,0,0,0,Não,5,1,2,1,1
238,36,1480,3,2,2088,4,N,12,3,13,3,8,7,7,2,Sim,2,1,2,2,1
239,30,111,3,1,3072,1,N,11,3,12,4,12,9,6,10,Sim,2,1,3,2,3
240,45,1268,3,1,5006,4,S,11,3,9,3,5,4,0,3,Não,1,1,1,1,3
241,56,713,3,1,4257,4,S,18,3,19,3,2,2,2,2,Não,1,1,1,1,3
242,33,134,3,4,2500,0,N,14,3,4,2,3,1,0,2,Não,1,1,1,2,1
243,19,303,2,4,1102,1,N,22,4,1,3,1,0,1,0,Não,2,1,1,2,1
244,46,526,3,1,10453,1,N,25,4,24,2,24,13,15,7,Sim,1,1,1,1,3
245,38,1380,3,4,2288,1,N,12,3,2,3,2,2,2,1,Não,2,1,1,1,1
246,31,140,3,4,3929,8,S,23,4,7,0,4,2,0,2,Não,1,1,1,1,2
247,34,629,3,2,2311,2,N,15,3,9,3,3,2,1,2,Não,1,1,1,1,1
248,41,1356,3,2,3140,1,S,22,4,4,5,4,3,0,2,Não,5,1,1,1,1
249,50,328,2,3,3690,2,N,15,3,5,2,3,2,0,2,Não,2,1,1,2,2
250,53,1084,4,1,4450,1,N,11,3,5,3,4,2,1,3,Não,3,1,1,1,3
252,33,931,3,2,2756,1,N,13,3,8,5,8,7,1,6,Não,1,1,1,1,2
253,40,989,3,3,19033,1,N,14,3,21,2,20,8,9,9,Sim,5,1,1,1,2
254,55,692,4,2,18722,8,N,11,3,36,3,24,15,2,15,Não,6,1,1,2,1
256,34,1069,2,3,9547,1,N,17,3,10,2,10,9,1,9,Não,3,1,2,2,2
258,51,313,3,2,13734,3,N,18,3,21,6,7,7,1,0,Não,4,1,1,1,1
259,52,699,2,3,19999,0,N,14,3,34,5,33,18,11,9,Sim,5,1,1,2,2
260,27,894,3,2,2279,1,N,16,3,7,2,7,7,0,3,Não,1,1,1,1,1
261,35,556,2,3,5916,3,S,13,3,8,1,1,0,0,1,Não,3,1,1,2,2
262,43,1344,4,4,2089,4,N,14,3,7,3,5,4,2,2,Não,1,1,3,2,3
264,45,1195,2,4,16792,9,N,23,4,22,1,20,8,11,8,Sim,5,1,3,2,2
267,37,290,4,1,3564,1,S,12,3,8,3,8,7,1,7,Não,1,1,1,2,2
269,35,138,3,2,4425,5,N,11,3,10,5,6,2,1,2,Não,2,1,2,1,1
270,42,926,3,3,5265,2,N,16,3,11,5,5,3,0,2,Não,3,1,3,1,3
271,38,1261,3,3,6553,9,N,14,3,14,3,1,0,0,0,Não,3,1,1,2,2
273,38,1084,3,4,6261,3,N,18,3,9,3,7,7,1,7,Não,3,1,1,2,2
274,27,472,2,1,4298,5,N,19,3,6,1,2,2,2,0,Não,3,1,2,2,2
275,49,1002,3,4,6804,1,S,15,3,7,0,7,7,1,7,Não,3,1,3,2,3
277,34,878,3,3,3815,1,S,17,3,5,4,5,3,2,0,Não,1,1,2,2,3
281,40,905,3,4,2741,8,S,15,3,15,2,7,2,3,7,Não,2,1,1,2,2
282,38,1180,3,1,6673,7,S,19,3,17,2,1,0,0,0,Não,4,1,1,2,2
283,29,121,3,4,7639,1,N,22,4,10,3,10,4,1,9,Não,1,1,1,1,2
284,22,1136,4,2,2328,1,S,16,3,4,2,4,2,2,2,Não,1,1,1,2,3
286,36,635,3,4,2153,1,N,13,3,8,2,8,1,1,7,Não,2,1,2,1,1
287,40,1151,2,4,4876,9,N,14,3,5,5,3,2,0,2,Não,4,1,3,2,2
288,46,644,3,1,9396,7,N,16,3,17,3,4,2,0,3,Não,4,1,1,2,3
291,32,1045,1,4,10400,1,N,11,3,14,2,14,8,9,8,Sim,1,1,1,2,2
292,30,829,2,3,8474,1,N,22,4,12,2,11,8,5,8,Sim,3,1,3,2,1
293,27,1242,3,3,9981,1,N,14,3,7,2,7,7,0,7,Não,1,1,2,1,1
296,51,1469,2,2,12490,5,N,16,3,16,5,10,9,4,7,Não,6,1,1,2,2
297,30,1005,3,1,2657,5,S,11,3,8,5,5,2,0,4,Não,1,1,1,1,1
298,41,896,3,4,13591,3,S,18,3,16,3,1,0,0,0,Não,5,1,1,1,1
299,30,334,2,1,6696,5,N,15,3,9,5,6,3,0,1,Não,1,1,2,1,1
300,29,992,3,3,2058,0,N,14,3,7,1,6,2,1,5,Não,1,1,1,2,1
302,45,1052,2,4,8865,6,N,12,3,23,2,19,7,12,8,Sim,1,1,3,1,1
303,54,1147,3,1,5940,2,N,14,3,16,4,6,2,0,5,Não,1,1,1,1,2
304,36,1396,3,2,5914,8,N,16,3,16,3,13,11,3,7,Não,2,1,1,2,1
305,33,147,2,2,2622,6,N,21,4,7,3,3,2,1,1,Não,1,1,1,1,2
306,37,663,3,4,12185,1,S,14,3,10,1,10,8,0,7,Não,6,1,2,2,3
307,38,119,3,3,10609,0,N,12,3,17,6,16,10,5,13,Sim,1,1,1,2,3
308,31,979,1,3,4345,0,N,12,3,6,2,5,4,1,4,Não,3,1,3,2,2
309,59,142,2,4,2177,3,N,17,3,7,6,1,0,0,0,Não,1,1,1,2,2
311,37,319,3,4,2793,4,N,17,3,13,2,9,8,5,8,Sim,5,1,2,2,3
312,29,1413,3,4,7918,1,N,14,3,11,5,11,10,4,1,Não,1,1,2,1,2
314,35,944,3,3,8789,1,N,14,3,10,3,10,7,0,8,Não,1,1,2,1,1
315,29,896,2,4,2389,1,S,13,3,4,3,4,3,0,1,Não,1,1,1,2,1
316,52,1323,2,4,3212,7,N,15,3,6,3,2,2,2,2,Não,2,1,1,1,1
319,42,532,3,4,19232,1,N,11,3,22,3,22,17,11,15,Sim,5,1,1,2,2
321,59,818,3,3,2267,8,N,17,3,7,2,2,2,2,2,Não,1,1,1,2,2
323,50,854,3,4,19517,3,N,11,3,32,3,7,0,0,6,Não,5,1,1,1,3
325,33,813,3,4,2436,5,S,13,3,8,2,5,4,0,4,Não,2,1,1,2,2
327,43,1034,3,4,16064,5,S,22,4,22,3,17,13,1,9,Não,5,1,1,1,2
328,33,465,3,1,2707,7,N,20,4,13,3,9,7,1,7,Não,2,1,1,1,2
329,52,771,2,3,19068,1,S,18,3,33,2,33,7,15,12,Sim,5,1,3,2,1
330,32,1401,3,2,3931,2,N,11,3,6,5,4,3,1,2,Não,5,1,1,1,2
331,32,515,2,3,3730,0,S,14,3,4,2,3,2,1,2,Não,2,1,1,2,1
332,39,1431,3,3,2232,7,N,14,3,7,1,3,2,1,2,Não,2,1,1,1,3
333,32,976,3,4,4465,0,N,18,3,4,2,3,2,2,2,Não,1,1,3,2,2
334,41,1411,3,1,3072,2,N,16,3,17,2,1,0,0,0,Não,1,1,1,2,3
335,40,1300,3,4,3319,1,N,17,3,9,3,9,8,4,7,Não,1,1,1,2,3
336,45,252,4,4,19202,0,N,11,3,25,2,24,0,1,7,Não,5,1,1,2,2
337,31,1327,3,3,13675,9,N,12,3,9,3,2,2,2,2,Não,6,1,2,2,3
338,33,832,2,4,2911,1,N,13,3,2,2,2,2,0,2,Não,1,1,1,1,2
339,34,470,2,1,5957,6,N,13,3,13,3,11,9,5,9,Sim,3,1,1,2,2
340,37,1017,2,1,3920,2,N,14,3,17,2,3,1,0,2,Não,1,1,1,1,2
341,45,1199,4,3,6434,4,N,17,3,9,1,3,2,0,2,Não,3,1,2,2,2
342,37,504,3,3,10048,6,N,11,3,17,5,1,0,0,0,Não,3,1,2,2,3
343,39,505,3,3,10938,0,N,25,4,20,1,19,6,11,8,Sim,4,1,2,1,1
346,29,665,3,4,2340,1,N,19,3,6,1,6,5,1,5,Não,1,1,1,2,1
347,42,916,4,1,6545,3,S,13,3,10,1,3,2,0,2,Não,1,1,1,1,1
349,29,1247,3,4,6931,2,N,14,3,10,2,3,2,0,2,Não,1,1,1,2,3
350,25,685,3,3,4898,0,N,12,3,5,3,4,2,1,2,Não,3,1,1,1,2
351,42,269,2,1,2593,0,S,11,3,10,4,9,6,7,8,Sim,2,1,1,1,3
352,40,1416,3,3,19436,0,N,19,3,22,5,21,7,3,9,Não,6,1,1,2,3
353,51,833,3,4,2723,1,N,11,3,1,0,1,0,0,0,Não,1,1,1,2,2
355,31,307,2,2,3479,0,N,11,3,6,2,5,4,1,4,Não,2,1,2,2,1
359,32,1311,4,2,2794,1,N,20,4,5,3,5,1,0,3,Não,2,1,2,2,2
361,38,1327,2,4,5249,3,N,18,3,13,0,8,7,7,5,Sim,1,1,3,2,2
362,32,128,2,1,2176,4,N,13,3,9,5,6,2,0,4,Não,2,1,1,2,1
363,46,488,1,2,16872,3,S,12,3,28,2,7,7,7,7,Sim,5,1,1,1,2
364,28,529,3,3,3485,2,N,11,3,5,5,0,0,0,0,Não,2,1,1,2,1
366,29,1210,2,2,6644,2,N,19,3,10,2,0,0,0,0,Não,1,1,1,2,2
367,31,1463,2,4,5582,0,N,21,4,10,2,9,0,7,8,Sim,4,1,1,2,2
369,25,675,4,1,4000,1,N,12,3,6,2,6,3,1,5,Não,4,1,3,2,3
372,45,1385,3,4,13496,0,S,14,3,21,2,20,7,4,10,Não,4,1,1,2,2
373,36,1403,3,4,3210,0,N,11,3,16,4,15,13,10,11,Sim,2,1,1,2,2
374,55,452,3,1,19045,0,S,14,3,37,2,36,10,4,13,Não,5,1,1,2,1
376,47,666,3,2,11849,1,S,12,3,10,2,10,7,9,9,Sim,5,1,3,2,2
377,28,1158,3,4,2070,1,N,23,4,5,3,5,2,0,4,Não,1,1,1,2,2
378,37,228,3,4,6502,4,N,14,3,7,5,5,4,0,1,Não,1,1,1,2,2
379,21,996,2,3,3230,1,N,17,3,3,4,3,2,1,0,Não,1,1,1,2,1
380,37,728,3,4,13603,2,S,18,3,15,2,5,2,0,2,Não,6,1,3,1,3
381,35,1315,4,2,11996,7,N,18,3,10,6,7,7,6,2,Sim,5,1,1,1,3
382,38,322,4,1,5605,1,S,24,4,8,3,8,0,7,7,Sim,1,1,1,1,3
384,26,1479,3,2,6397,1,N,20,4,6,6,6,5,1,4,Não,3,1,2,1,3
385,50,797,3,2,19144,3,N,14,3,28,4,10,4,1,6,Não,6,1,1,2,3
386,53,1070,3,3,17584,3,S,16,3,21,5,5,3,1,3,Não,6,1,1,2,2
387,42,635,3,3,4907,1,N,25,4,20,3,20,16,11,6,Sim,1,1,1,2,2
388,29,442,3,4,4554,1,N,18,3,10,3,10,7,0,9,Não,1,1,2,2,1
389,55,147,3,4,5415,3,S,19,3,12,4,10,7,0,8,Não,2,1,1,2,2
390,26,496,3,1,4741,1,S,13,3,5,3,5,3,3,3,Não,4,1,2,2,2
391,37,1372,3,4,2115,1,N,12,3,17,3,17,12,5,7,Sim,1,1,1,1,1
392,44,920,3,3,3161,3,S,22,4,19,0,1,0,0,0,Não,2,1,2,2,3
393,38,688,3,4,5745,9,N,14,3,10,2,2,2,1,2,Não,4,1,1,2,3
394,26,1449,3,2,2373,2,S,13,3,5,2,3,2,0,2,Não,2,1,1,2,3
395,28,1117,3,4,3310,1,N,21,4,5,3,5,3,0,2,Não,1,1,1,1,1
396,49,636,3,1,18665,9,S,11,3,22,4,3,2,1,2,Não,6,1,2,1,1
397,36,506,3,2,4485,4,N,12,3,10,2,8,0,7,7,Sim,1,1,1,2,1
399,31,444,3,2,2789,1,N,11,3,2,5,2,2,2,2,Não,5,1,2,1,3
401,26,950,2,4,5828,1,S,12,3,8,0,8,7,7,4,Sim,1,1,1,2,1
403,37,889,3,4,2326,1,S,12,3,4,3,4,2,1,2,Não,1,1,2,2,2
404,42,555,3,2,13525,5,N,14,3,23,2,20,4,4,8,Não,1,1,2,1,2
405,18,230,3,3,1420,1,N,13,3,0,2,0,0,0,0,Não,2,1,1,2,1
406,35,1232,3,2,8020,0,N,15,3,12,3,11,9,6,9,Sim,1,1,1,2,2
407,36,566,4,4,3688,4,N,18,3,4,2,1,0,0,0,Não,2,1,2,2,2
408,51,1302,1,2,5482,5,N,18,3,13,3,4,1,1,2,Não,3,1,1,2,3
410,41,334,3,2,16015,1,N,19,3,22,2,22,10,0,4,Não,5,1,1,2,1
411,18,812,2,3,1200,1,N,12,3,0,2,0,0,0,0,Não,5,1,1,1,1
412,28,1476,4,1,5661,0,N,19,3,9,2,8,3,0,7,Não,4,1,1,2,1
416,31,218,4,4,6929,4,N,11,3,10,3,8,7,7,7,Sim,1,1,1,2,2
417,39,1132,4,4,9613,0,N,17,3,19,5,18,10,3,7,Não,4,1,1,2,3
419,36,1105,3,2,5674,7,N,15,3,11,3,9,8,0,8,Não,2,1,3,1,2
420,32,906,2,3,5484,1,N,14,3,13,3,13,8,4,8,Não,1,1,1,2,2
421,38,849,2,2,12061,3,N,17,3,19,2,10,8,0,1,Não,6,1,1,1,2
422,58,390,1,3,5660,2,S,13,3,12,2,5,3,1,2,Não,4,1,3,2,3
423,31,691,3,4,4821,0,S,12,3,6,4,5,2,0,3,Não,1,1,1,2,2
424,31,106,2,1,6410,3,N,12,3,9,1,2,2,1,0,Não,1,1,1,2,2
425,45,1249,3,1,5210,1,N,18,3,24,2,24,9,9,11,Sim,2,1,2,2,3
426,31,192,3,4,2695,0,S,18,3,3,2,2,2,2,2,Não,1,1,1,2,3
428,33,553,3,2,11878,6,N,11,3,12,2,10,6,8,8,Sim,5,1,2,1,2
429,39,117,3,1,17068,1,S,14,3,21,3,21,9,11,10,Sim,5,1,1,2,2
430,43,185,3,4,2455,0,N,19,3,9,5,8,7,1,7,Não,2,1,2,1,1
431,49,1091,2,3,13964,7,S,12,3,25,2,7,1,0,7,Não,4,1,1,1,1
433,52,723,2,2,4941,2,N,15,3,11,3,8,2,7,7,Sim,1,1,1,2,2
434,27,1220,3,2,2478,1,S,12,3,4,2,4,3,1,2,Não,1,1,1,1,1
436,32,588,2,2,5228,1,S,11,3,13,2,13,12,11,9,Sim,1,1,1,1,2
437,27,1377,3,3,4478,1,S,11,3,5,3,5,4,0,4,Não,1,1,1,2,1
438,31,691,3,4,7547,4,N,12,3,13,3,7,7,1,7,Não,1,1,1,2,3
439,32,1018,4,4,5055,7,N,16,3,10,0,7,7,0,7,Não,1,1,1,1,1
440,28,1157,1,4,3464,5,S,13,3,5,4,3,2,2,2,Não,1,1,1,2,2
441,30,1275,3,4,5775,1,N,13,3,11,2,10,8,1,9,Não,1,1,1,1,2
442,31,798,2,3,8943,1,N,24,4,10,2,10,9,8,9,Sim,3,1,2,1,2
444,39,672,2,4,19272,1,N,15,3,21,2,21,9,13,3,Sim,5,1,2,2,2
445,39,1162,3,3,5238,4,S,18,3,12,3,1,0,0,0,Não,1,1,1,1,2
446,33,508,2,4,4682,3,N,14,3,9,6,7,7,0,1,Não,1,1,2,2,1
447,47,1482,3,3,18300,4,N,11,3,21,2,3,2,1,1,Não,6,1,1,2,2
448,43,559,2,3,5257,1,N,11,3,9,3,9,7,0,0,Não,2,1,2,1,3
449,27,210,3,2,6349,0,S,13,3,6,0,5,4,1,4,Não,1,1,3,2,2
450,54,928,3,3,4869,3,N,12,3,20,4,4,3,0,3,Não,1,1,2,1,1
451,43,1001,3,1,9985,8,N,16,3,10,1,1,0,0,0,Não,4,1,1,1,2
452,45,549,3,4,3697,9,N,14,3,12,3,10,9,9,8,Sim,1,1,1,2,2
453,40,1124,1,4,7457,2,S,22,4,6,2,4,3,0,2,Não,1,1,1,2,2
454,29,318,1,1,2119,1,S,11,3,7,4,7,7,0,7,Não,2,1,1,2,2
455,29,738,2,4,3983,0,N,17,3,4,2,3,2,2,2,Não,2,1,1,2,1
456,30,570,2,3,6118,1,N,13,3,10,2,10,9,1,2,Não,1,1,1,1,3
458,27,1130,3,2,6214,1,N,18,3,8,3,8,7,0,7,Não,1,1,1,1,2
460,37,1192,3,4,6347,7,N,16,3,8,2,6,2,0,4,Não,3,1,1,2,3
461,38,343,2,4,11510,0,S,14,3,12,3,11,10,2,9,Não,6,1,1,2,3
462,31,1232,3,4,7143,1,S,14,3,11,2,11,9,4,10,Não,3,1,1,1,1
463,29,144,2,2,8268,1,S,14,3,7,2,7,7,1,7,Não,1,1,1,1,3
464,35,1296,3,2,8095,0,N,13,3,17,5,16,6,0,13,Não,3,1,1,2,1
465,23,1309,3,4,2904,1,N,12,3,4,2,4,2,0,2,Não,1,1,1,2,3
466,41,483,2,2,6032,6,S,15,3,8,3,5,4,1,2,Não,3,1,1,2,1
467,47,1309,3,3,2976,3,N,19,3,5,3,0,0,0,0,Não,5,1,2,2,1
468,42,810,3,4,15992,2,N,14,3,16,2,1,0,0,0,Não,6,1,1,1,1
469,29,746,3,3,4649,1,N,14,3,4,3,4,3,0,2,Não,1,1,3,2,2
470,42,544,3,3,2696,0,S,11,3,4,5,3,2,1,0,Não,1,1,1,2,3
471,32,1062,3,2,2370,1,N,13,3,8,4,8,0,0,7,Não,2,1,1,1,2
473,48,530,3,3,12504,3,N,21,4,15,3,0,0,0,0,Não,5,1,1,1,2
474,37,1319,4,1,5974,4,S,13,3,13,2,7,7,6,7,Sim,1,1,1,2,3
475,30,641,3,3,4736,7,S,12,3,4,2,2,2,2,2,Não,1,1,3,1,2
476,26,933,3,3,5296,1,N,17,3,8,3,8,7,7,7,Sim,1,1,1,2,2
477,42,1332,2,4,6781,3,N,23,4,14,6,1,0,0,0,Não,4,1,1,2,1
478,21,756,2,2,2174,1,S,11,3,3,3,3,2,1,2,Não,5,1,2,1,1
479,36,845,3,4,6653,4,N,15,3,7,6,1,0,0,0,Não,1,1,3,1,1
481,36,541,2,4,9699,4,N,11,3,16,2,13,9,1,12,Não,1,1,2,2,2
482,57,593,3,3,6755,2,N,11,3,15,2,3,2,1,2,Não,4,1,1,2,2
483,40,1171,4,3,2213,3,S,13,3,10,3,7,7,1,7,Não,2,1,1,1,2
484,21,895,3,4,2610,1,N,24,4,3,3,3,2,2,2,Não,5,1,3,2,1
485,33,350,3,3,2851,1,S,13,3,1,2,1,0,0,0,Não,5,1,1,1,1
486,37,921,3,1,3452,6,N,20,4,17,3,5,4,0,3,Não,2,1,1,1,2
487,46,1144,3,3,5258,2,N,14,3,7,2,1,0,0,0,Não,3,1,3,1,2
488,41,143,3,2,9355,1,N,18,3,8,5,8,7,7,7,Sim,1,1,2,2,1
491,50,1046,2,4,10496,6,N,15,3,20,2,4,3,1,3,Não,4,1,1,2,1
492,40,575,2,3,6380,2,S,12,3,8,6,6,4,1,0,Não,1,1,1,2,2
493,31,408,2,2,2657,0,S,16,3,3,5,2,2,2,2,Não,1,1,1,2,1
494,21,156,4,2,2716,1,N,15,3,1,0,1,0,0,0,Não,5,1,1,1,1
495,29,1283,3,4,2201,9,N,16,3,6,4,3,2,1,2,Não,1,1,1,2,1
496,35,755,2,2,6540,9,N,19,3,10,5,1,1,0,0,Não,4,1,1,2,1
497,27,1469,3,2,3816,1,N,11,3,5,2,5,2,0,4,Não,2,1,1,2,3
498,28,304,3,4,5253,1,N,16,3,7,1,7,5,0,7,Não,1,1,1,2,1
499,49,1261,2,3,10965,8,N,24,4,26,2,5,2,0,0,Não,4,1,1,2,1
500,51,1178,3,4,4936,4,N,11,3,18,2,7,7,0,7,Não,1,1,1,1,2
501,36,329,3,3,2543,4,N,13,3,6,3,2,2,2,2,Não,1,1,1,1,2
502,34,1362,4,4,5304,8,S,13,3,9,3,5,2,0,4,Não,1,1,3,2,1
505,55,1311,3,4,16659,2,S,13,3,30,2,5,4,1,2,Não,5,1,1,1,1
507,24,1371,3,3,4260,1,S,12,3,5,2,5,2,0,3,Não,1,1,1,1,3
508,30,202,3,2,2476,1,N,18,3,1,3,1,0,0,0,Não,5,1,1,2,2
510,26,575,3,1,3102,0,N,22,4,7,2,6,4,0,4,Não,1,1,2,2,1
511,22,253,3,2,2244,1,N,13,3,2,1,2,1,1,2,Não,1,1,1,1,2
513,36,164,2,3,7596,1,N,13,3,10,2,10,9,9,0,Sim,1,1,1,2,2
514,30,464,3,4,2285,9,S,23,4,3,4,1,0,0,0,Não,1,1,2,2,1
515,37,1107,3,1,3034,1,N,12,3,18,2,18,7,12,17,Sim,2,1,1,1,3
516,40,759,3,2,5715,7,N,12,3,8,5,5,4,1,3,Não,1,1,1,1,3
517,42,201,3,1,2576,3,N,16,3,8,5,5,2,1,2,Não,2,1,1,1,3
518,37,1305,3,2,4197,2,S,12,3,18,2,1,0,0,1,Não,3,1,1,2,1
520,43,982,2,2,14336,1,N,11,3,25,3,25,10,3,9,Não,6,1,1,2,3
521,40,555,2,3,3448,6,N,22,4,20,3,1,0,0,0,Não,2,1,1,1,2
522,54,821,3,1,19406,4,N,11,3,24,4,4,2,1,2,Não,6,1,1,2,2
523,34,1381,3,3,6538,9,N,15,3,6,3,3,2,1,2,Não,1,1,3,1,2
524,31,480,3,1,4306,1,N,12,3,13,5,13,10,3,12,Não,3,1,1,1,2
525,43,313,3,4,2258,7,N,20,4,8,1,3,2,1,2,Não,2,1,2,2,2
526,43,1473,3,3,4522,4,S,14,3,8,3,5,2,0,2,Não,4,1,1,1,3
527,25,891,2,4,4487,1,S,11,3,5,3,5,4,1,3,Não,1,1,1,1,1
529,37,1063,3,3,4449,3,S,15,3,15,2,13,11,10,7,Sim,1,1,3,1,2
530,31,329,2,1,2218,1,N,12,3,4,3,4,2,3,2,Não,2,1,1,2,2
531,39,1218,3,3,19197,1,S,14,3,21,3,21,8,1,6,Não,5,1,2,2,3
532,56,906,4,1,13212,9,N,11,3,36,0,7,7,7,7,Sim,1,1,2,1,2
533,30,1082,3,3,6577,0,N,11,3,6,6,5,4,4,4,Não,1,1,1,1,1
534,41,645,4,1,8392,1,N,16,3,10,2,10,7,0,7,Não,1,1,1,2,2
536,28,1300,3,1,4558,1,N,12,3,10,2,10,0,1,8,Não,2,1,1,2,3
538,25,688,3,1,4031,5,N,13,3,6,5,2,2,0,2,Não,2,1,1,2,2
543,52,319,2,3,7969,2,S,14,3,28,4,5,4,0,4,Não,3,1,1,2,2
544,45,192,3,4,2654,3,N,21,4,8,3,2,2,0,2,Não,1,1,1,2,2
546,52,1490,3,4,16555,2,N,13,3,31,2,5,2,1,4,Não,5,1,1,1,2
547,42,532,3,3,4556,2,N,11,3,19,3,5,4,0,2,Não,1,1,2,1,3
548,30,317,1,4,6091,2,N,20,4,11,2,5,4,0,2,Não,3,1,1,1,1
549,60,422,3,1,19566,5,N,11,3,33,5,29,8,11,10,Sim,5,1,1,1,2
550,46,1485,3,3,4810,2,N,14,3,19,5,10,7,0,8,Não,3,1,1,1,3
551,42,1368,2,4,4523,0,N,11,3,7,4,6,5,0,4,Não,4,1,2,1,2
554,24,1448,3,2,3202,1,S,16,3,6,4,5,3,1,4,Não,5,1,1,1,1
555,34,296,1,3,2351,0,N,16,3,3,3,2,2,1,0,Não,5,1,2,1,3
556,38,1490,3,4,1702,1,S,23,4,1,3,1,0,0,0,Não,2,1,2,2,2
558,40,1398,3,3,18041,0,N,14,3,21,2,20,15,1,12,Não,5,1,1,1,2
560,26,1349,3,4,2886,1,N,22,4,3,3,3,2,0,2,Não,1,1,1,1,3
562,30,1400,3,4,2097,4,N,15,3,9,3,5,3,1,4,Não,2,1,3,2,2
564,29,986,2,3,11935,1,N,18,3,10,2,10,2,0,7,Não,6,1,1,2,2
565,29,408,2,2,2546,5,N,16,3,6,2,2,2,1,1,Não,1,1,1,1,2
566,19,489,2,4,2564,1,N,12,3,1,3,1,0,0,0,Não,1,1,1,2,1
567,30,1398,3,1,8412,0,N,11,3,10,3,9,8,7,8,Sim,1,1,3,1,2
568,57,210,2,4,14118,3,N,12,3,32,3,1,0,0,0,Não,5,1,1,2,3
569,50,1099,2,3,17046,0,N,15,3,28,2,27,10,15,7,Sim,5,1,1,2,2
571,30,1116,3,4,2564,0,N,14,3,12,2,11,7,6,7,Sim,2,1,3,1,1
573,60,1499,2,1,10266,4,N,19,3,22,5,18,13,13,11,Sim,1,1,2,1,2
574,47,983,3,4,5070,5,N,13,3,20,2,5,0,0,4,Não,3,1,1,1,3
575,46,1009,3,3,17861,6,N,13,3,26,2,3,2,0,1,Não,6,1,1,2,2
577,35,144,1,3,4230,0,N,15,3,6,2,5,4,4,3,Não,2,1,1,2,1
578,54,548,3,3,3780,7,N,11,3,19,3,1,0,0,0,Não,2,1,1,1,1
579,34,1303,2,3,2768,3,N,12,3,14,3,7,3,5,7,Sim,1,1,1,2,3
580,46,1125,2,4,9071,2,S,19,3,15,3,3,2,1,2,Não,1,1,1,1,2
581,31,1274,3,2,10648,1,N,25,4,13,6,13,8,0,8,Não,3,1,1,2,3
582,33,1277,3,3,13610,7,S,12,3,15,2,7,6,7,7,Sim,5,1,1,2,2
584,33,587,1,4,3408,7,N,13,3,8,2,4,3,1,3,Não,2,1,1,2,3
585,30,413,3,2,2983,0,N,14,3,4,3,3,2,1,2,Não,5,1,1,2,1
586,35,1276,3,3,7632,4,S,12,3,10,2,8,7,0,0,Não,4,1,1,2,2
587,31,534,3,3,9824,3,N,12,3,12,2,1,0,0,0,Não,4,1,2,2,2
590,34,988,3,1,9950,9,S,15,3,11,2,3,2,0,2,Não,1,1,2,1,3
591,42,1474,3,3,2093,4,N,17,3,8,4,2,2,2,0,Não,2,1,2,2,2
592,36,635,3,4,9980,1,N,14,3,10,3,10,3,9,7,Sim,1,1,3,2,1
593,22,1368,2,3,3894,5,N,16,3,4,3,2,2,1,2,Não,2,1,2,2,1
595,48,163,3,4,4051,2,N,14,3,14,2,9,7,6,7,Sim,1,1,1,1,2
597,55,1117,3,2,16835,3,N,23,4,37,2,10,9,7,7,Sim,5,1,1,1,1
599,41,267,3,4,6230,7,N,14,3,16,3,14,3,1,10,Não,1,1,3,2,1
600,35,619,3,3,4717,9,N,11,3,15,2,11,9,6,9,Sim,1,1,1,2,2
601,40,302,3,3,13237,7,N,15,3,22,3,20,6,5,13,Sim,3,1,1,1,1
602,39,443,3,3,3755,1,N,11,3,8,3,8,3,0,7,Não,2,1,2,1,2
604,31,828,3,4,6582,4,S,13,3,10,2,6,5,0,5,Não,1,1,1,2,1
605,42,319,3,1,7406,1,S,21,4,10,5,10,9,5,8,Sim,3,1,1,2,2
606,45,561,3,2,4805,0,N,19,3,9,3,8,7,3,7,Não,1,1,1,2,2
608,26,426,3,3,2741,0,S,11,3,8,2,7,7,1,0,Não,1,1,2,1,3
611,29,232,3,4,4262,4,N,12,3,8,2,3,2,1,2,Não,3,1,1,2,3
612,33,922,4,3,16184,4,N,19,3,10,2,6,1,0,5,Não,6,1,1,1,3
613,31,688,2,4,11557,9,N,21,4,10,3,5,4,0,1,Não,5,1,1,2,3
614,18,1306,3,2,1878,1,S,14,3,0,3,0,0,0,0,Não,5,1,2,2,1
615,40,1094,1,1,10932,3,N,15,3,20,2,1,0,0,1,Não,1,1,3,2,3
616,41,509,2,3,6811,2,S,17,3,10,3,8,7,0,7,Não,4,1,3,1,1
618,26,775,3,3,4306,5,N,12,3,8,5,0,0,0,0,Não,1,1,1,2,3
620,35,195,3,3,4859,1,N,16,3,5,3,5,4,0,3,Não,1,1,1,1,1
621,34,258,4,4,5337,1,N,12,3,10,3,10,7,5,7,Sim,1,1,1,2,1
622,26,471,1,4,2340,1,S,18,3,1,3,1,0,0,0,Não,2,1,1,2,1
623,37,799,3,4,7491,4,N,17,3,12,3,6,5,1,2,Não,3,1,1,1,1
624,46,1034,3,3,10527,5,N,11,3,28,3,2,2,1,2,Não,4,1,2,1,2
625,41,1276,3,1,16595,7,N,16,3,22,2,18,16,11,8,Sim,5,1,1,1,2
626,37,142,3,2,8834,1,N,13,3,9,6,9,5,7,7,Sim,1,1,3,2,3
630,52,956,3,1,5577,3,S,12,3,18,3,10,9,6,9,Sim,1,1,1,2,3
631,32,1474,4,3,4707,8,N,12,3,6,2,4,2,1,2,Não,1,1,3,2,2
632,24,535,3,4,2400,0,N,13,3,3,3,2,2,2,1,Não,5,1,2,2,2
634,38,1495,3,3,9824,3,N,19,3,18,4,1,0,0,0,Não,4,1,1,1,2
635,37,446,3,2,6447,6,N,12,3,8,2,6,5,4,3,Não,3,1,1,1,2
638,49,1245,2,3,19502,1,S,17,3,31,5,31,9,0,9,Não,6,1,1,2,3
639,24,691,4,4,2725,1,S,11,3,6,3,6,5,1,4,Não,1,1,1,2,2
641,26,703,3,2,6272,1,N,20,4,6,5,5,3,1,4,Não,1,1,1,2,2
643,24,823,2,2,2127,1,N,21,4,1,2,1,0,0,0,Não,2,1,1,2,2
644,50,1246,3,2,18200,1,N,11,3,32,2,32,5,10,7,Sim,5,1,2,2,2
645,25,622,3,3,2096,1,N,11,3,7,1,7,4,0,6,Não,5,1,1,2,2
647,24,1287,3,3,2886,1,S,16,3,6,4,6,3,1,2,Não,2,1,2,1,2
648,30,448,2,1,2033,1,N,18,3,1,2,1,0,0,0,Não,5,1,2,2,2
649,34,254,2,4,3622,1,S,13,3,6,3,6,5,1,3,Não,1,1,1,2,2
650,31,1365,3,1,4233,2,N,17,3,9,2,3,1,1,2,Não,1,1,1,2,3
652,35,538,2,4,3681,4,N,14,3,9,3,3,2,0,2,Não,2,1,1,2,1
653,31,525,4,4,5460,4,N,22,4,13,4,7,7,5,7,Sim,1,1,1,2,3
655,27,798,2,3,2187,0,N,12,3,6,5,5,3,0,3,Não,1,1,1,1,3
656,37,558,3,3,9602,4,S,11,3,17,3,3,0,1,0,Não,1,1,1,2,2
657,20,959,2,2,2836,1,N,13,3,1,0,1,0,0,0,Não,1,1,1,1,1
659,42,622,3,4,4089,1,N,13,3,10,4,10,2,2,2,Não,4,1,1,1,2
661,43,782,2,4,16627,4,S,14,3,21,3,1,0,0,0,Não,6,1,1,2,3
662,38,362,3,1,2619,3,N,17,3,8,3,0,0,0,0,Não,1,1,1,1,1
663,43,1001,3,3,5679,3,S,13,3,10,3,8,7,4,7,Não,2,1,2,2,3
664,48,1236,2,1,15402,7,N,11,3,21,3,3,2,0,2,Não,5,1,1,1,2
665,44,1112,2,3,5985,4,N,11,3,10,1,2,2,0,2,Não,1,1,1,1,1
666,34,204,3,3,2579,1,S,18,3,8,3,8,2,0,6,Não,5,1,1,1,3
667,27,1420,3,1,3041,0,N,11,3,5,3,4,3,0,2,Não,5,1,1,2,3
669,21,1343,3,3,3447,1,N,11,3,3,2,3,2,1,2,Não,5,1,1,2,1
671,44,1315,3,4,19513,4,S,12,3,26,2,2,2,0,1,Não,5,1,1,2,2
675,22,604,3,3,2773,0,N,20,4,3,3,2,2,2,2,Não,1,1,1,2,2
677,33,1216,3,3,7104,0,N,12,3,6,3,5,0,1,2,Não,1,1,1,2,3
679,32,646,3,4,6322,1,S,12,3,6,2,6,4,0,5,Não,1,1,1,1,2
680,30,160,3,3,2083,1,N,20,4,1,2,1,0,0,0,Não,1,1,2,1,3
682,53,238,3,1,8381,7,N,20,4,18,2,14,7,8,10,Sim,1,1,1,1,1
683,34,1397,3,4,2691,1,N,12,3,10,4,10,9,8,8,Sim,1,1,1,2,2
684,45,306,3,1,4286,2,N,14,3,5,4,1,1,0,0,Não,1,1,2,1,2
686,26,991,3,4,2659,1,S,13,3,3,2,3,2,0,2,Não,2,1,1,1,2
689,37,482,3,3,9434,1,N,15,3,10,2,10,7,7,8,Sim,3,1,1,2,2
690,29,1176,3,3,5561,1,N,14,3,6,5,6,0,1,2,Não,1,1,1,1,2
691,35,1017,1,4,6646,1,N,13,3,17,3,17,11,11,8,Sim,1,1,1,2,1
692,33,1296,3,4,7725,3,N,23,4,15,2,13,11,4,7,Não,4,1,2,2,3
698,54,397,3,2,10725,2,N,15,3,16,1,9,7,7,1,Sim,1,1,1,2,2
699,36,913,2,2,8847,2,S,11,3,13,2,3,2,0,2,Não,3,1,1,2,3
700,27,1115,2,4,2045,0,N,13,3,5,0,4,2,1,1,Não,1,1,1,2,1
701,20,1362,3,3,1009,1,S,11,3,1,5,1,0,1,1,Não,1,1,1,2,1
702,33,1076,3,1,3348,1,S,11,3,10,3,10,8,9,7,Sim,1,1,2,2,1
704,35,727,2,3,1281,1,N,18,3,1,3,1,0,0,0,Não,2,1,3,2,2
705,23,885,4,1,2819,2,N,16,3,5,3,3,2,0,2,Não,1,1,1,2,2
707,25,810,4,2,4851,0,N,22,4,4,4,3,2,1,2,Não,1,1,1,2,2
709,38,243,2,4,4028,0,N,20,4,8,2,7,7,0,5,Não,1,1,1,1,1
710,29,806,1,4,2720,1,N,18,3,10,5,10,7,2,8,Não,1,1,2,2,3
712,48,817,4,2,8120,3,N,12,3,12,3,2,2,2,2,Não,1,1,1,2,2
714,27,1410,4,4,4647,1,S,20,4,6,3,6,5,0,4,Não,1,1,2,1,3
715,37,1225,4,4,4680,3,N,17,3,4,2,1,0,0,0,Não,1,1,1,2,1
716,50,1207,4,3,3221,1,S,11,3,20,3,20,8,3,8,Não,2,1,1,2,2
717,34,1442,2,2,8621,1,N,14,3,9,3,8,7,7,7,Sim,4,1,1,1,1
720,24,693,3,3,4577,9,N,14,3,4,3,2,2,2,0,Não,1,1,1,1,1
721,39,408,2,3,4553,1,N,11,3,20,4,20,7,11,10,Sim,4,1,1,1,1
722,32,929,3,4,5396,1,N,12,3,10,2,10,7,0,8,Não,1,1,1,2,1
723,50,562,3,3,6796,3,S,14,3,18,4,4,3,1,3,Não,1,1,2,2,2
724,38,827,4,4,7625,0,N,13,3,10,4,9,7,1,8,Não,4,1,1,1,1
725,27,608,3,1,7412,1,N,11,3,9,3,9,7,0,7,Não,3,1,1,1,2
727,32,1018,3,4,11159,3,N,15,3,10,6,7,7,7,7,Sim,6,1,1,1,1
728,47,703,3,1,4960,2,N,12,3,20,2,7,7,1,7,Não,1,1,1,2,1
729,40,580,2,1,10475,5,S,21,4,20,2,18,13,1,12,Não,1,1,2,2,2
730,53,970,4,3,14814,3,N,19,3,32,3,5,1,1,3,Não,6,1,1,2,2
731,41,427,2,4,19141,3,N,15,3,23,2,21,6,12,6,Sim,5,1,1,2,3
732,60,1179,3,1,5405,8,N,14,3,10,1,2,2,2,2,Não,1,1,1,2,1
733,27,294,3,1,8793,1,N,21,4,9,4,9,7,1,7,Não,3,1,2,2,3
734,41,314,2,3,19189,1,N,12,3,22,3,22,7,2,10,Não,5,1,1,2,2
738,50,316,3,2,3875,7,N,15,3,4,2,2,2,2,2,Não,5,1,1,2,2
741,28,654,1,2,2216,7,S,13,3,10,4,7,7,3,7,Não,1,1,1,1,1
742,36,427,4,1,11713,9,N,14,3,10,2,8,7,0,5,Não,6,1,3,1,2
743,38,168,3,3,7861,4,S,14,3,10,4,1,0,0,0,Não,3,1,1,1,1
744,44,381,1,3,3708,2,N,14,3,9,5,5,2,1,4,Não,2,1,3,2,1
746,47,217,3,3,13770,9,S,12,3,28,2,22,2,11,13,Sim,1,1,2,1,3
747,30,501,3,4,5304,7,N,23,4,10,2,8,7,7,7,Sim,1,1,1,2,3
749,29,1396,3,3,2642,1,N,11,3,1,6,1,0,0,0,Não,5,1,1,2,1
752,42,933,4,3,2759,6,S,12,3,7,2,2,2,2,2,Não,1,1,2,2,3
754,43,775,2,4,6804,3,N,18,3,7,5,2,2,2,2,Não,1,1,2,2,2
757,34,970,3,3,6142,3,N,11,3,10,2,5,1,4,3,Não,4,1,1,1,1
758,23,650,3,1,2500,1,N,14,3,5,2,4,3,0,2,Não,2,1,1,2,2
760,39,141,4,2,6389,9,N,15,3,12,3,8,3,3,6,Não,1,1,1,1,2
762,56,832,3,4,11103,7,N,11,3,30,1,10,7,1,1,Não,4,1,1,2,2
763,40,804,2,4,2342,0,S,20,4,5,2,4,2,2,3,Não,1,1,1,1,1
764,27,975,2,1,6811,8,N,19,3,9,2,7,6,0,7,Não,4,1,1,1,1
766,29,1090,3,2,2297,1,N,14,3,2,2,2,2,2,2,Não,5,1,1,2,3
769,53,346,3,4,2450,2,N,17,3,19,4,2,2,2,2,Não,2,1,1,2,1
771,35,1225,3,1,5093,2,N,11,3,16,2,1,0,0,0,Não,4,1,3,1,3
772,32,430,3,4,5309,1,N,15,3,10,2,10,8,4,7,Não,2,1,2,2,2
773,38,268,3,3,3057,6,S,13,3,6,0,1,0,0,1,Não,1,1,1,2,2
775,34,167,3,1,5121,3,N,14,3,7,3,0,0,0,0,Não,3,1,1,1,3
776,52,621,2,1,16856,1,N,11,3,34,3,34,6,1,16,Não,5,1,1,2,2
780,33,527,3,4,2686,1,S,13,3,10,2,10,9,7,8,Sim,1,1,1,2,1
781,25,883,3,4,6180,1,N,23,4,6,5,6,5,1,4,Não,1,1,1,1,1
783,45,954,1,3,6632,0,N,13,3,9,3,8,7,3,1,Não,5,1,1,2,1
784,23,310,4,3,3505,1,N,18,3,2,3,2,2,0,2,Não,1,1,1,2,1
785,47,719,4,3,6397,4,S,12,3,8,2,5,4,1,3,Não,1,1,2,1,1
786,34,304,3,4,6274,1,N,22,4,6,5,6,5,1,4,Não,1,1,1,2,1
787,55,725,3,1,19859,5,S,13,3,24,2,5,2,1,4,Não,5,1,1,2,2
789,36,1434,2,1,7587,1,N,15,3,10,1,10,7,0,9,Não,1,1,3,2,1
791,52,715,3,4,4258,0,N,18,3,5,3,4,3,1,2,Não,1,1,3,2,2
792,26,575,1,4,4364,3,N,14,3,5,2,2,2,2,0,Não,2,1,2,1,3
793,29,657,3,3,4335,4,N,12,3,11,3,8,7,1,1,Não,4,1,1,1,2
796,26,1146,2,1,5326,6,N,17,3,6,2,4,3,1,2,Não,1,1,1,2,1
797,34,182,4,4,3280,2,N,16,3,10,2,4,2,1,3,Não,1,1,1,1,1
799,54,376,3,1,5485,9,S,11,3,9,4,5,3,1,4,Não,3,1,1,1,3
800,27,829,3,4,4342,0,N,19,3,5,3,4,2,1,1,Não,1,1,2,2,2
802,37,571,3,1,2782,0,S,13,3,6,3,5,3,4,3,Não,1,1,1,1,3
803,38,240,4,1,5980,6,S,12,3,17,2,15,7,4,12,Não,3,1,2,1,1
804,34,121,2,1,4381,1,N,11,3,6,3,6,5,1,3,Não,1,1,1,1,1
805,35,384,3,4,2572,1,N,16,3,3,1,3,2,0,2,Não,5,1,1,1,2
806,30,921,1,3,3833,3,N,21,4,7,2,2,2,0,2,Não,2,1,1,2,2
807,40,791,4,2,4244,1,N,24,4,8,2,8,7,3,7,Não,4,1,2,1,2
808,34,1111,3,1,6500,5,N,17,3,6,1,3,2,1,2,Não,1,1,1,1,2
809,42,570,3,4,18430,1,N,13,3,24,4,24,7,14,9,Sim,5,1,2,2,3
811,23,1243,4,1,1601,1,S,21,4,1,2,0,0,0,0,Não,2,1,1,2,2
812,24,1092,2,2,2694,1,N,11,3,1,4,1,0,0,0,Não,2,1,3,2,3
813,52,1325,3,3,3149,8,N,20,4,9,3,5,2,1,4,Não,2,1,1,1,2
815,50,691,3,3,17639,5,N,16,3,30,3,4,3,0,3,Não,6,1,1,2,2
816,29,805,2,1,2319,1,S,11,3,1,1,1,0,0,0,Não,2,1,1,1,2
817,33,213,3,3,11691,0,N,11,3,14,3,13,9,3,7,Não,6,1,1,2,2
819,33,118,3,1,5324,5,N,15,3,6,3,3,2,0,2,Não,1,1,1,1,1
820,47,202,3,4,16752,1,S,11,3,26,3,26,14,3,0,Não,5,1,1,1,2
823,36,676,3,2,5228,0,N,15,3,10,2,9,7,0,5,Não,3,1,1,1,2
824,29,1252,4,3,2700,1,N,24,4,10,3,10,7,0,7,Não,1,1,1,2,2
825,58,286,3,2,19246,7,S,12,3,40,2,31,15,13,8,Sim,6,1,1,2,1
826,35,1258,4,3,2506,3,N,13,3,7,0,2,2,2,2,Não,1,1,1,1,1
827,42,932,2,4,6062,9,S,13,3,8,4,4,3,0,2,Não,3,1,1,1,2
828,28,890,3,3,4382,6,N,17,3,5,3,2,2,2,1,Não,1,1,1,2,1
829,36,1041,3,2,2143,4,N,13,3,8,2,5,2,0,4,Não,1,1,1,2,2
830,32,859,2,3,6162,1,N,12,3,14,3,14,13,6,8,Sim,3,1,1,1,2
832,40,720,2,3,5094,6,N,14,3,10,6,1,0,0,0,Não,2,1,2,2,1
833,30,946,2,4,6877,5,S,24,4,12,4,0,0,0,0,Não,3,1,1,1,1
834,45,252,2,3,2274,1,N,14,3,1,3,1,0,0,0,Não,1,1,1,1,1
836,42,933,3,2,4434,1,N,13,3,10,3,9,8,7,8,Sim,3,1,1,2,2
837,38,471,2,1,6288,2,N,15,3,13,3,4,3,1,2,Não,4,1,2,2,3
838,34,702,2,4,2553,1,N,16,3,6,3,5,2,1,3,Não,1,1,2,1,1
840,49,1184,3,4,7654,1,N,18,3,9,3,9,8,7,7,Sim,1,1,1,1,2
842,55,436,3,4,5160,4,N,16,3,12,3,9,7,7,3,Sim,1,1,1,2,1
843,43,589,3,1,17159,6,N,24,4,22,3,4,1,1,0,Não,6,1,1,2,2
844,27,269,2,4,12808,1,S,16,3,9,3,9,8,0,8,Não,6,1,1,2,3
845,35,950,3,3,10221,3,N,21,4,17,3,8,5,1,6,Não,3,1,1,2,1
846,28,760,3,2,4779,1,S,20,4,8,2,8,7,7,5,Sim,1,1,1,1,2
847,34,829,3,4,3737,0,N,19,3,4,1,3,2,0,2,Não,1,1,1,2,2
848,26,887,2,3,2366,1,S,14,3,8,2,8,7,1,7,Não,1,1,2,1,2
850,27,443,3,4,1706,1,N,11,3,0,6,0,0,0,0,Não,1,1,3,2,2
851,51,1318,3,3,16307,2,N,14,3,29,2,20,6,4,17,Não,5,1,1,1,2
852,44,625,3,2,5933,9,N,12,3,10,2,5,2,2,3,Não,4,1,1,2,1
854,25,180,4,1,3424,7,N,13,3,6,3,4,3,0,1,Não,1,1,1,2,1
855,33,586,4,1,4037,1,N,22,4,9,5,9,8,0,8,Não,1,1,1,2,3
856,35,1343,2,1,2559,1,N,11,3,6,3,6,5,1,1,Não,1,1,1,1,1
857,36,928,3,4,6201,1,S,14,3,18,1,18,14,4,11,Não,1,1,1,2,2
859,32,117,3,4,4403,2,N,11,3,8,3,5,2,0,3,Não,1,1,1,2,3
861,30,1012,2,4,3761,9,N,12,3,10,3,5,4,0,3,Não,1,1,2,2,3
862,53,661,2,4,10934,7,S,18,3,35,3,5,2,0,4,Não,1,1,1,1,2
864,45,930,3,1,10761,4,S,12,3,18,2,5,4,0,2,Não,1,1,1,2,3
865,32,638,4,3,5175,5,N,12,3,9,3,5,3,1,3,Não,1,1,1,1,2
867,52,890,2,4,13826,3,N,22,4,31,3,9,8,0,0,Não,3,1,2,1,2
868,37,342,2,3,6334,4,N,19,3,9,2,1,0,0,0,Não,1,1,1,2,3
869,28,1169,2,4,4936,1,N,13,3,6,6,5,1,0,4,Não,1,1,1,2,3
872,22,1230,2,4,4775,6,N,22,4,4,2,2,2,2,2,Não,3,1,1,2,2
874,44,986,4,4,2818,2,S,24,4,10,2,3,2,0,2,Não,2,1,1,2,2
875,42,1271,3,4,2515,5,S,14,3,8,2,2,1,2,2,Não,1,1,2,2,1
878,36,1278,2,1,2342,0,N,21,4,6,3,5,4,0,3,Não,1,1,1,2,2
879,25,141,3,1,4194,1,S,18,3,5,3,5,3,0,3,Não,1,1,1,2,2
880,35,607,2,3,10685,1,S,20,4,17,2,17,14,5,15,Sim,3,1,1,1,2
881,35,130,3,2,2022,1,S,19,3,10,3,10,2,7,8,Sim,1,1,2,1,3
882,32,300,3,4,2314,0,N,12,3,4,2,3,0,0,2,Não,2,1,3,2,3
885,25,583,2,1,4256,1,N,12,3,5,1,5,2,0,3,Não,1,1,1,2,2
887,49,1418,3,1,3580,2,N,16,3,7,2,4,2,0,2,Não,1,1,1,1,2
888,24,1269,2,4,3162,0,N,17,3,6,2,5,2,3,4,Não,2,1,3,2,2
889,32,379,3,2,6524,1,N,14,3,10,3,10,8,5,3,Sim,1,1,2,2,2
893,38,395,2,2,2899,0,N,19,3,3,3,2,2,1,2,Não,5,1,1,2,2
894,42,1265,4,4,5231,2,S,13,3,17,1,5,3,1,3,Não,2,1,1,1,2
895,31,1222,3,4,2356,3,S,19,3,8,2,6,4,0,2,Não,1,1,1,2,2
896,29,341,2,3,2800,6,S,19,3,5,3,3,2,0,2,Não,5,1,1,1,3
897,53,868,3,4,11836,5,N,14,3,28,3,2,0,2,2,Não,1,1,1,2,2
899,35,672,2,2,10903,3,N,16,3,16,2,13,10,4,8,Não,3,1,1,2,2
900,37,1231,3,4,2973,5,N,15,3,10,3,5,4,0,0,Não,5,1,2,1,2
901,53,102,3,4,14275,6,N,18,3,33,0,12,9,3,8,Não,6,1,1,1,1
902,43,422,3,4,5562,4,N,13,3,12,2,5,2,2,2,Não,4,1,2,1,2
903,47,249,3,4,4537,0,S,22,4,8,2,7,6,7,7,Sim,1,1,1,1,2
904,37,1252,3,2,7642,1,S,13,3,10,2,10,0,0,9,Não,1,1,3,2,1
905,50,881,3,1,17924,1,N,11,3,31,3,31,6,14,7,Sim,5,1,3,2,3
909,39,1383,2,4,5204,8,N,11,3,13,2,5,4,0,4,Não,1,1,1,1,2
910,33,1075,3,2,2277,3,S,11,3,7,4,4,3,0,3,Não,1,1,1,2,3
911,32,374,3,4,2795,1,S,24,4,1,2,1,0,0,1,Não,2,1,1,2,1
912,29,1086,2,4,2532,6,N,14,3,8,5,4,3,0,3,Não,2,1,1,1,3
913,44,661,3,1,2559,1,S,13,3,8,0,8,7,7,1,Sim,1,1,1,2,2
916,28,821,3,4,4908,1,N,14,3,4,3,4,2,0,2,Não,1,1,1,2,1
918,58,781,2,4,2380,9,S,14,3,3,3,1,0,0,0,Não,2,1,2,2,3
920,43,177,3,2,4765,4,N,21,4,4,2,1,0,0,0,Não,3,1,1,1,3
922,20,500,2,3,2044,1,N,13,3,2,3,2,2,0,2,Não,5,1,1,1,1
923,21,1427,3,4,2693,1,N,19,3,1,3,1,0,0,0,Não,1,1,1,1,1
924,36,1425,3,4,6586,0,S,17,3,17,2,16,8,4,11,Não,4,1,1,2,2
925,47,1454,2,4,3294,1,S,18,3,3,3,3,2,1,2,Não,5,1,1,1,1
926,22,617,3,3,4171,0,S,19,3,4,3,3,2,0,2,Não,3,1,1,1,2
927,41,1085,1,4,2778,4,S,13,3,10,1,7,7,1,0,Não,2,1,1,1,3
930,28,995,3,3,2377,5,N,18,3,6,2,2,2,2,2,Não,1,1,1,1,3
932,39,1122,3,1,2404,7,S,21,4,8,2,2,2,2,2,Não,2,1,1,2,2
933,27,618,3,3,2318,1,N,19,3,1,2,1,1,0,0,Não,1,1,1,1,1
934,34,546,3,2,2008,1,N,14,3,1,3,1,0,1,0,Não,2,1,1,2,3
936,42,462,2,3,6244,7,N,17,3,10,6,5,4,0,3,Não,1,1,1,1,1
939,33,1198,2,1,2799,3,S,11,3,6,1,3,2,0,2,Não,1,1,1,2,1
940,58,1272,2,2,10552,2,S,13,3,24,3,6,0,0,4,Não,4,1,1,1,3
941,31,154,2,3,2329,3,N,15,3,13,2,7,7,5,2,Sim,5,1,1,2,2
942,35,1137,3,4,4014,1,S,25,4,10,2,10,6,0,7,Não,4,1,1,1,2
944,49,527,3,2,7403,4,N,11,3,29,3,26,9,1,7,Não,2,1,1,1,2
945,48,1469,3,3,2259,4,N,17,3,13,2,0,0,0,0,Não,1,1,1,2,2
947,31,1188,3,3,6932,1,N,13,3,9,2,9,8,0,0,Não,1,1,3,1,2
949,36,188,3,4,4678,2,N,18,3,8,6,6,2,0,1,Não,1,1,1,2,1
950,38,1333,3,1,13582,1,N,13,3,15,3,15,12,5,11,Sim,6,1,1,1,2
951,32,1184,2,2,2332,6,N,20,4,5,3,3,0,0,2,Não,2,1,3,1,2
952,25,867,2,2,2413,1,S,18,3,1,2,1,0,0,0,Não,5,1,1,2,2
954,40,658,2,2,9705,2,N,12,3,11,2,1,0,0,0,Não,1,1,1,2,3
956,26,1283,2,1,4294,1,N,12,3,7,2,7,7,0,7,Não,1,1,2,2,1
957,41,263,3,1,4721,2,S,13,3,20,3,18,13,2,17,Não,2,1,1,2,1
958,36,938,3,3,2519,4,N,21,4,16,6,11,8,3,9,Não,2,1,1,2,1
959,19,419,2,2,2121,1,S,13,3,1,3,1,0,0,0,Não,5,1,1,2,1
960,20,129,3,1,2973,1,N,19,3,1,2,1,0,0,0,Não,2,1,1,2,1
961,31,616,3,4,5855,0,S,11,3,10,2,9,7,8,5,Sim,4,1,1,1,2
964,40,1469,3,2,3617,8,S,14,3,3,2,1,1,0,0,Não,1,1,2,2,3
966,32,498,3,1,6725,1,N,12,3,8,2,8,7,6,3,Sim,3,1,1,1,2
967,36,530,2,4,10325,1,S,11,3,16,6,16,7,3,7,Não,1,1,1,2,2
969,33,1069,2,4,6949,0,N,14,3,6,3,5,0,1,4,Não,4,1,1,1,1
970,37,625,2,3,10609,5,N,11,3,17,2,14,1,11,7,Sim,1,1,1,2,2
972,45,805,3,2,4447,1,N,12,3,9,5,9,7,0,8,Não,2,1,3,2,2
974,29,1404,3,4,2157,1,N,15,3,3,5,3,1,0,2,Não,5,1,2,1,2
975,35,1219,3,3,4601,1,N,16,3,5,3,5,2,1,0,Não,1,1,1,1,2
976,52,1053,3,4,17099,2,N,15,3,26,2,9,8,7,8,Sim,5,1,1,2,2
977,58,289,3,3,2479,4,N,24,4,7,4,1,0,0,0,Não,1,1,1,2,1
981,53,1376,3,3,14852,6,N,13,3,22,3,17,13,15,2,Sim,5,1,1,2,3
982,30,231,3,3,7264,5,N,11,3,10,2,8,4,7,7,Sim,1,1,1,2,3
983,38,152,3,4,5666,1,S,13,3,6,1,5,3,1,3,Não,1,1,3,1,1
984,35,882,3,4,7823,6,N,13,3,12,2,10,9,0,8,Não,1,1,1,2,3
985,39,903,4,3,7880,0,N,18,3,9,3,8,7,0,7,Não,1,1,1,2,1
986,40,1479,4,2,13194,4,S,16,3,22,2,1,0,0,0,Não,1,1,3,1,1
987,47,1379,4,3,5067,1,S,19,3,20,3,19,10,2,7,Não,3,1,2,2,3
990,36,1229,3,4,5079,4,N,13,3,12,3,7,7,0,7,Não,1,1,3,2,3
991,31,335,2,1,2321,0,S,22,4,4,0,3,2,1,2,Não,1,1,3,2,1
992,33,722,3,3,17444,1,N,11,3,10,2,10,8,6,0,Sim,5,1,3,2,1
994,29,906,2,1,2404,6,S,20,4,3,5,0,0,0,0,Não,1,1,1,1,1
995,33,461,3,4,3452,3,N,18,3,5,4,3,2,0,2,Não,1,1,1,1,1
996,45,974,3,4,2270,3,N,14,3,8,2,5,3,0,2,Não,2,1,1,1,3
997,50,1126,3,4,17399,9,N,22,4,32,1,5,4,1,3,Não,6,1,1,2,3
998,33,827,4,2,5488,1,S,13,3,6,2,6,5,1,2,Não,4,1,2,1,2
999,41,840,3,3,19419,2,N,17,3,21,2,18,16,0,11,Não,6,1,2,2,3
1001,27,1134,3,2,2811,9,N,14,3,4,2,2,2,2,2,Não,2,1,1,1,2
1002,45,248,3,1,3633,1,S,15,3,9,2,9,8,0,8,Não,2,1,3,2,2
1003,47,955,3,4,4163,1,S,17,3,9,0,9,0,0,7,Não,1,1,1,1,1
1004,30,138,3,3,2132,4,S,11,3,7,2,5,2,0,1,Não,1,1,1,1,2
1005,50,939,3,3,13973,3,S,18,3,22,2,12,11,1,5,Não,3,1,1,2,2
1006,38,1391,3,3,2684,0,N,17,3,3,0,2,1,0,2,Não,1,1,2,2,2
1007,46,566,3,3,10845,6,N,13,3,13,3,8,7,0,7,Não,3,1,1,2,3
1009,24,1206,2,3,4377,1,N,15,3,5,6,4,2,3,2,Não,3,1,1,1,3
1010,35,622,2,2,3743,1,S,24,4,5,2,4,2,0,2,Não,2,1,1,2,3
1011,31,853,3,1,4148,1,N,12,3,4,1,4,3,0,3,Não,3,1,2,1,2
1012,18,287,3,4,1051,1,N,15,3,0,2,0,0,0,0,Não,1,1,3,2,1
1013,54,1441,3,3,10739,8,N,11,3,22,2,10,7,0,8,Não,3,1,1,1,2
1014,35,583,3,3,10388,1,S,11,3,16,3,16,10,10,1,Sim,4,1,1,1,3
1015,30,153,4,1,11416,0,S,12,3,9,4,8,7,1,7,Não,6,1,1,1,2
1016,20,1097,2,1,2600,1,S,15,3,1,2,1,0,0,0,Não,1,1,1,1,1
1017,30,109,3,2,2422,0,N,17,3,4,3,3,2,1,2,Não,2,1,2,1,1
1018,26,1066,4,4,5472,1,N,12,3,8,2,8,7,1,3,Não,3,1,1,2,2
1019,22,217,1,1,2451,1,N,15,3,4,3,4,3,1,1,Não,2,1,1,2,2
1022,48,277,2,3,4240,2,N,13,3,19,0,2,2,2,2,Não,4,1,1,2,1
1024,48,1355,2,3,10999,7,N,14,3,27,3,15,11,4,8,Não,4,1,1,2,1
1025,41,549,3,3,5003,6,N,14,3,8,6,2,2,2,1,Não,3,1,1,1,1
1026,39,466,2,4,12742,1,N,16,3,21,3,21,6,11,8,Sim,3,1,1,1,2
1027,27,1055,3,4,4227,0,N,18,3,4,2,3,2,2,2,Não,3,1,1,1,2
1028,35,802,3,4,3917,1,N,20,4,3,4,3,2,1,2,Não,2,1,1,2,3
1029,42,265,3,3,18303,6,N,13,3,21,3,1,0,0,0,Não,5,1,1,2,2
1030,50,804,3,4,2380,4,N,18,3,8,5,1,0,0,0,Não,2,1,1,2,2
1032,59,715,2,4,13726,3,S,13,3,30,4,5,3,4,3,Não,3,1,1,1,1
1033,37,1141,1,2,4777,5,N,15,3,15,2,1,0,0,0,Não,4,1,1,1,2
1034,55,135,3,2,6385,3,S,14,3,17,3,8,7,6,7,Sim,4,1,2,2,2
1035,41,247,1,3,19973,1,N,22,4,21,3,21,16,5,10,Sim,6,1,3,1,3
1036,38,1035,3,4,6861,8,S,12,3,19,1,1,0,0,0,Não,1,1,1,2,1
1037,26,265,1,1,4969,8,N,18,3,7,6,2,2,2,2,Não,1,1,3,2,1
1038,52,266,1,4,19845,1,N,15,3,33,3,32,14,6,9,Sim,5,1,1,1,2
1039,44,1448,4,4,13320,3,S,18,3,23,2,12,11,11,11,Sim,1,1,1,1,2
1040,50,145,3,3,6347,0,N,12,3,19,3,18,7,0,13,Não,1,1,3,1,2
1042,36,885,4,1,2743,1,N,16,3,18,1,17,13,15,14,Sim,2,1,1,1,1
1043,39,945,3,1,10880,1,S,13,3,21,2,21,6,2,8,Não,3,1,2,1,1
1044,33,1038,2,4,2342,0,N,19,3,3,2,2,2,2,2,Não,5,1,3,1,1
1045,45,1234,3,4,17650,3,N,13,3,26,4,9,3,1,1,Não,5,1,1,1,2
1046,32,1109,3,3,4025,9,N,12,3,10,2,8,7,7,7,Sim,2,1,3,1,1
1047,34,216,4,4,9725,0,N,11,3,16,2,15,1,0,9,Não,1,1,1,2,3
1048,59,1089,3,4,11904,3,S,14,3,14,1,6,4,0,4,Não,5,1,1,2,2
1049,45,788,3,2,2177,1,N,16,3,6,3,6,3,0,4,Não,1,1,1,2,1
1050,53,124,2,2,7525,2,N,12,3,30,2,15,7,6,12,Sim,1,1,2,1,2
1052,36,660,3,3,4834,7,N,14,3,9,3,1,0,0,0,Não,2,1,1,2,3
1053,26,342,3,1,2042,6,S,14,3,6,2,3,2,1,2,Não,1,1,2,2,2
1055,34,1333,3,3,2220,1,S,19,3,1,2,1,1,0,0,Não,5,1,1,1,2
1056,28,1144,3,2,1052,1,N,22,4,1,5,1,0,0,0,Não,5,1,1,2,2
1060,38,1186,3,3,2821,3,N,16,3,8,2,2,2,2,2,Não,1,1,2,2,2
1061,50,1464,3,3,19237,2,S,11,3,29,2,8,1,7,7,Sim,6,1,1,2,2
1062,37,124,3,2,4107,3,N,15,3,8,3,4,3,0,1,Não,4,1,1,1,1
1066,40,300,3,1,8396,1,N,14,3,8,3,7,7,7,5,Sim,1,1,1,2,2
1068,26,921,2,3,2007,1,N,13,3,5,5,5,3,1,3,Não,1,1,2,1,3
1069,46,430,3,4,19627,9,N,17,3,23,0,2,2,2,2,Não,6,1,1,2,3
1070,54,1082,2,3,10686,6,N,11,3,13,4,9,4,7,0,Sim,1,1,1,1,2
1071,56,1240,3,3,2942,2,N,19,3,18,4,5,4,0,3,Não,1,1,2,1,2
1073,36,796,2,4,8858,0,N,11,3,15,2,14,8,7,8,Sim,3,1,1,1,1
1074,55,444,2,1,16756,7,N,15,3,31,3,9,7,6,2,Sim,5,1,3,2,1
1076,43,415,2,4,10798,5,N,13,3,18,5,1,0,0,0,Não,1,1,1,2,3
1077,20,769,3,4,2323,1,S,14,3,2,3,2,2,0,2,Não,5,1,2,1,1
1079,21,1334,2,1,1416,1,N,13,3,1,6,1,0,1,0,Não,2,1,1,1,1
1080,46,1003,2,1,4615,8,S,23,4,19,2,16,13,1,7,Não,1,1,1,1,3
1081,51,1323,3,3,2461,9,S,12,3,18,2,10,0,2,7,Não,1,1,1,2,2
1082,28,1366,2,1,8722,1,N,12,3,10,2,10,7,1,9,Não,4,1,3,2,1
1083,26,192,2,1,3955,1,N,16,3,6,2,5,3,1,3,Não,2,1,1,2,2
1084,30,1176,3,1,9957,0,N,15,3,7,1,6,2,0,2,Não,3,1,1,2,2
1085,41,509,4,3,3376,1,N,13,3,10,3,10,6,0,8,Não,1,1,1,1,2
1088,38,330,2,3,8823,0,N,18,3,20,4,19,9,1,9,Não,4,1,1,1,2
1092,40,1492,3,4,10322,4,N,20,4,14,6,11,10,11,1,Sim,4,1,1,2,2
1094,27,1277,1,3,4621,1,N,19,3,3,4,3,2,1,2,Não,2,1,3,2,2
1096,55,1091,3,2,10976,3,N,18,3,23,4,3,2,1,2,Não,3,1,2,2,2
1097,28,857,3,3,3660,3,N,13,3,10,4,8,7,1,7,Não,1,1,1,1,1
1098,44,1376,2,1,10482,9,N,14,3,24,1,20,6,3,6,Não,1,1,1,2,2
1099,33,654,2,4,7119,4,N,15,3,9,2,3,2,1,2,Não,4,1,1,2,3
1100,35,1204,3,1,9582,0,S,22,4,9,2,8,7,4,7,Não,1,1,1,2,1
1101,33,827,2,3,4508,1,N,22,4,14,4,13,7,3,8,Não,1,1,2,1,1
1102,28,895,3,3,2207,1,N,16,3,4,5,4,2,2,2,Não,2,1,1,2,3
1103,34,618,3,4,7756,0,N,17,3,7,1,6,2,0,4,Não,4,1,2,2,1
1105,37,309,2,4,6694,2,S,14,3,8,5,1,0,0,0,Não,1,1,1,1,3
1106,25,1219,3,4,3691,1,S,15,3,7,3,7,7,5,6,Sim,2,1,1,2,2
1107,26,1330,3,3,2377,1,N,20,4,1,0,1,1,0,0,Não,2,1,1,2,3
1108,33,1017,2,2,2313,4,S,20,4,5,0,2,2,2,2,Não,1,1,1,2,1
1109,42,469,3,1,17665,0,N,17,3,23,3,22,6,13,7,Sim,5,1,1,2,2
1111,28,1009,2,2,2596,1,N,15,3,1,2,1,0,0,0,Não,2,1,2,2,3
1113,50,959,3,3,4728,3,S,14,3,5,4,0,0,0,0,Não,1,1,2,2,1
1114,33,970,3,2,4302,0,N,17,3,4,3,3,2,0,2,Não,1,1,2,1,2
1115,34,697,2,4,2979,3,N,17,3,6,2,0,0,0,0,Não,1,1,3,2,2
1116,48,1262,4,4,16885,2,N,22,4,27,3,5,4,2,1,Não,5,1,3,2,1
1117,45,1050,2,3,5593,1,N,13,3,15,2,15,10,4,12,Não,1,1,3,1,2
1118,52,994,3,2,10445,7,N,19,3,18,4,8,6,4,0,Não,4,1,1,2,1
1119,38,770,2,3,8740,0,S,14,3,9,2,8,7,2,7,Não,1,1,1,2,3
1120,29,1107,3,4,2514,4,N,22,4,11,1,7,5,1,7,Não,1,1,1,1,3
1121,28,950,3,2,7655,0,N,17,3,10,3,9,7,1,7,Não,3,1,1,1,3
1124,46,406,3,3,17465,3,N,12,3,23,3,12,9,4,9,Não,5,1,1,2,2
1125,38,130,3,2,7351,7,N,16,3,10,2,1,0,0,0,Não,1,1,1,2,1
1126,43,1082,3,1,10820,8,N,11,3,18,1,8,7,0,1,Não,3,1,2,1,2
1127,39,203,3,4,12169,7,N,11,3,21,4,18,7,11,5,Sim,4,1,2,2,3
1128,40,1308,2,3,19626,1,N,14,3,21,2,20,7,4,9,Não,6,1,1,2,1
1131,21,984,2,2,2070,1,S,11,3,2,6,2,2,2,2,Não,1,1,1,1,1
1132,39,439,3,2,6782,9,N,15,3,9,2,5,4,0,3,Não,2,1,3,2,1
1133,36,217,3,4,7779,2,N,20,4,18,0,11,9,0,9,Não,3,1,3,2,1
1135,31,793,4,4,2791,0,N,12,3,3,4,2,2,2,2,Não,5,1,2,2,2
1136,28,1451,2,2,3201,0,N,17,3,6,2,5,3,0,4,Não,1,1,1,2,2
1137,35,1182,3,4,4968,1,N,11,3,5,3,5,2,0,2,Não,1,1,2,2,3
1138,49,174,2,2,13120,6,N,17,3,22,3,9,8,2,3,Não,1,1,1,2,2
1140,34,1003,3,3,4033,2,N,11,3,5,3,3,2,0,2,Não,3,1,2,2,1
1143,29,490,3,2,3291,0,N,14,3,8,2,7,5,1,1,Não,1,1,2,1,3
1148,42,188,1,4,4272,4,N,19,3,16,3,1,0,0,0,Não,2,1,1,2,1
1150,29,718,2,4,5056,1,S,15,3,10,2,10,7,1,2,Não,3,1,1,2,2
1152,38,433,4,3,2844,1,N,13,3,7,2,7,6,5,0,Sim,1,1,1,2,2
1154,28,773,2,3,2703,1,S,14,3,3,2,3,1,0,2,Não,1,1,2,2,3
1156,18,247,3,3,1904,1,N,12,3,0,0,0,0,0,0,Não,2,1,3,2,1
1157,33,603,3,1,8224,0,S,17,3,6,3,5,2,0,3,Não,1,1,1,1,1
1158,41,167,3,4,4766,3,S,11,3,6,4,1,0,0,0,Não,2,1,1,2,2
1160,31,874,3,3,2610,1,N,12,3,2,5,2,2,2,2,Não,2,1,2,2,2
1161,37,367,2,4,5731,7,N,13,3,9,2,6,2,1,3,Não,4,1,1,1,3
1162,27,199,2,3,2539,1,N,13,3,4,0,4,2,2,2,Não,1,1,1,2,2
1163,34,1400,3,3,5714,1,N,20,4,6,3,6,5,1,3,Não,1,1,1,1,2
1164,35,528,3,3,4323,1,N,17,3,6,2,5,4,1,4,Não,1,1,1,2,1
1165,29,408,2,1,7336,1,N,13,3,11,3,11,8,3,10,Não,1,1,1,1,2
1166,40,593,3,3,13499,9,N,17,3,20,3,18,7,2,13,Não,6,1,2,1,1
1167,42,481,3,1,13758,0,S,12,3,22,2,21,9,13,14,Sim,1,1,2,2,1
1171,42,647,3,1,5155,7,N,13,3,9,3,6,4,1,5,Não,1,1,1,2,1
1172,35,982,2,3,2258,6,N,12,3,10,2,8,0,1,7,Não,2,1,1,2,2
1173,24,477,3,2,3597,8,N,22,4,6,2,4,3,1,2,Não,2,1,1,2,1
1175,28,1485,3,4,2515,1,S,11,3,1,4,1,1,0,0,Não,2,1,1,1,2
1177,26,1384,4,4,4420,1,N,22,4,8,2,8,7,0,7,Não,2,1,1,2,2
1179,30,852,2,3,6578,1,N,18,3,10,3,10,3,1,4,Não,1,1,1,2,2
1180,40,902,2,4,4422,3,S,13,3,16,3,1,1,0,0,Não,1,1,2,1,2
1182,35,819,2,2,10274,2,N,18,3,15,2,7,7,6,4,Sim,3,1,1,2,3
1184,34,669,2,1,5343,0,N,20,4,14,3,13,9,4,9,Não,4,1,2,2,1
1185,35,636,2,4,2376,1,N,13,3,2,2,2,2,2,2,Não,2,1,2,2,2
1188,43,1372,1,3,5346,8,N,13,3,7,2,4,3,1,3,Não,1,1,1,1,1
1190,32,862,3,1,2827,1,N,12,3,1,3,1,0,0,0,Não,5,1,3,1,3
1191,56,718,3,1,19943,4,N,13,3,28,2,5,2,4,2,Não,5,1,1,1,3
1192,29,1401,3,4,3131,1,N,13,3,10,5,10,8,0,8,Não,2,1,1,1,2
1193,19,645,3,1,2552,1,N,25,4,1,4,1,1,0,0,Não,1,1,1,2,1
1195,45,1457,3,3,4477,4,S,19,3,7,2,3,2,0,2,Não,1,1,1,1,2
1196,37,977,2,4,6474,1,N,13,3,14,2,14,8,3,11,Não,3,1,1,1,2
1198,20,805,2,3,3033,1,N,12,3,2,2,2,2,1,2,Não,2,1,1,2,1
1200,44,1097,3,3,2936,1,S,11,3,6,4,6,4,0,2,Não,1,1,1,2,1
1201,53,1223,3,3,18606,3,N,18,3,26,6,7,7,4,7,Não,5,1,1,1,3
1202,29,942,1,4,2168,0,S,18,3,6,2,5,4,1,3,Não,1,1,1,1,2
1203,22,1256,2,4,2853,0,S,11,3,1,5,0,0,0,0,Não,1,1,2,2,2
1204,46,1402,3,1,17048,8,N,23,4,28,2,26,15,15,9,Sim,5,1,1,1,2
1206,44,111,1,3,2290,2,N,13,3,6,3,0,0,0,0,Não,1,1,3,2,1
1207,33,147,3,3,3600,1,N,13,3,5,2,5,4,1,4,Não,1,1,1,2,2
1210,41,906,2,1,2107,6,N,17,3,5,2,1,0,0,0,Não,1,1,3,2,3
1211,30,1329,3,1,4115,8,N,19,3,8,3,4,3,0,3,Não,1,1,1,2,3
1212,40,1184,3,2,4327,5,N,12,3,5,2,0,0,0,0,Não,1,1,2,2,2
1215,50,1421,3,1,17856,2,N,22,4,32,3,2,2,2,2,Não,5,1,2,1,2
1216,28,1179,2,1,3196,1,N,12,3,6,2,6,5,3,3,Não,2,1,1,2,2
1217,46,1450,3,2,19081,5,N,11,3,25,2,4,2,0,3,Não,6,1,1,2,2
1218,35,1361,3,1,8966,3,S,15,3,15,2,7,7,1,7,Não,1,1,1,2,2
1219,24,984,3,2,2210,1,N,13,3,1,3,1,0,0,0,Não,2,1,1,1,2
1220,33,1146,3,3,4539,1,N,12,3,10,3,10,7,0,1,Não,1,1,2,1,2
1221,36,917,1,3,2741,1,N,14,3,7,4,7,7,1,7,Não,2,1,1,2,3
1224,30,853,3,3,3491,1,N,13,3,10,4,10,7,8,9,Sim,2,1,1,2,3
1225,44,200,3,4,4541,1,N,25,4,20,3,20,11,13,17,Sim,1,1,1,2,1
1226,20,654,4,4,2678,1,N,17,3,2,2,2,1,2,2,Não,5,1,1,2,1
1228,46,150,3,4,7379,2,N,11,3,12,3,6,3,1,4,Não,3,1,1,2,3
1231,42,179,4,1,6272,7,N,16,3,10,3,4,3,0,3,Não,1,1,3,2,2
1233,60,696,4,4,5220,0,S,18,3,12,3,11,7,1,9,Não,1,1,1,2,3
1234,32,116,2,2,2743,1,N,20,4,2,2,2,2,2,2,Não,2,1,2,1,2
1235,32,1316,3,3,4998,4,S,14,3,10,2,8,7,0,7,Não,1,1,2,1,1
1237,36,363,1,1,10252,2,S,21,4,17,2,7,7,7,7,Sim,3,1,1,1,3
1238,33,117,3,4,2781,0,N,13,3,15,5,14,10,4,10,Não,1,1,1,2,2
1239,40,107,2,2,6852,7,N,12,3,7,2,5,1,1,3,Não,1,1,1,1,3
1240,25,1356,3,4,4950,0,N,14,3,5,4,4,3,1,1,Não,1,1,1,2,1
1241,30,1465,3,2,3579,0,S,21,4,12,2,11,9,5,7,Sim,1,1,1,2,2
1242,42,458,3,1,13191,3,S,17,3,20,6,1,0,0,0,Não,6,1,2,1,2
1243,35,1212,2,4,10377,4,S,11,3,16,6,13,2,4,12,Não,1,1,3,1,2
1244,27,1103,3,1,2235,1,S,14,3,9,3,9,7,6,8,Sim,1,1,1,2,2
1245,54,966,3,3,10502,7,N,17,3,33,2,5,4,1,4,Não,3,1,2,1,3
1246,44,1117,4,4,2011,1,N,13,3,10,5,10,5,7,7,Sim,1,1,1,1,2
1248,19,504,2,2,1859,1,S,25,4,1,2,1,1,0,0,Não,1,1,3,1,1
1249,29,1010,3,4,3760,1,N,15,3,3,5,3,2,1,2,Não,1,1,1,1,3
1250,54,685,3,4,17779,3,N,14,3,36,2,10,9,0,9,Não,6,1,1,2,2
1251,31,1332,3,1,6833,1,S,12,3,6,2,6,5,0,1,Não,4,1,1,2,2
1252,31,1062,2,1,6812,1,N,19,3,10,2,10,9,1,8,Não,4,1,1,1,1
1254,59,326,2,4,5171,5,N,17,3,13,2,6,1,0,5,Não,1,1,1,1,1
1255,43,920,1,4,19740,3,N,14,3,25,2,8,7,0,7,Não,6,1,1,2,2
1256,49,1098,2,3,18711,2,N,13,3,23,2,1,0,0,0,Não,5,1,1,2,2
1257,36,469,3,2,3692,1,N,12,3,12,2,11,10,0,7,Não,1,1,2,2,2
1258,48,969,4,2,2559,5,N,11,3,7,4,1,0,0,0,Não,2,1,1,2,1
1259,27,1167,3,3,2517,1,N,11,3,5,2,5,3,0,3,Não,1,1,1,2,3
1260,29,1329,3,4,6623,1,S,11,3,6,2,6,0,1,0,Não,4,1,1,2,3
1263,48,715,2,4,18265,6,N,12,3,25,3,1,0,0,0,Não,6,1,1,2,1
1264,29,694,2,4,16124,3,N,14,3,9,2,7,7,1,7,Não,6,1,1,1,3
1265,34,1320,4,3,2585,0,N,17,3,2,5,1,0,0,0,Não,1,1,1,1,2
1267,44,1099,3,2,18213,7,N,11,3,26,5,22,9,3,10,Não,5,1,1,2,2
1268,33,536,4,3,8380,0,S,14,3,10,3,9,8,0,8,Não,1,1,1,2,3
1269,19,265,4,4,2994,1,S,12,3,1,2,1,0,0,1,Não,1,1,1,1,1
1270,23,373,3,3,1223,1,N,22,4,1,2,1,0,0,1,Não,1,1,1,2,2
1273,25,599,1,4,1118,1,S,14,3,1,4,1,0,1,0,Não,5,1,2,2,1
1275,26,583,3,4,2875,1,S,20,4,8,2,8,5,2,2,Não,1,1,1,2,1
1277,45,1449,1,2,18824,2,S,16,3,26,2,24,10,1,11,Não,5,1,1,1,1
1278,55,177,2,2,13577,1,S,15,3,34,3,33,9,15,0,Sim,4,1,3,2,3
1279,21,251,2,3,2625,1,N,20,4,2,2,2,2,2,2,Não,2,1,2,1,1
1280,46,168,2,2,18789,2,N,14,3,26,2,11,4,0,8,Não,5,1,1,1,2
1281,34,131,3,1,4538,0,S,12,3,4,3,3,2,0,2,Não,1,1,1,1,1
1282,51,237,3,2,19847,4,S,24,4,31,5,29,10,11,10,Sim,5,1,2,2,3
1283,59,1429,3,4,10512,6,N,12,3,25,6,9,7,5,4,Sim,3,1,1,2,1
1285,34,135,3,2,4444,4,N,13,3,15,2,11,8,5,10,Sim,2,1,2,1,3
1286,28,791,3,3,2154,0,S,11,3,5,2,4,2,0,2,Não,2,1,2,2,1
1288,44,1199,4,1,19190,1,N,14,3,26,4,25,9,14,13,Sim,5,1,1,2,3
1289,34,648,2,2,4490,4,N,11,3,14,5,10,9,1,8,Não,1,1,2,2,2
1291,35,735,3,3,3506,0,S,14,3,4,3,3,2,2,2,Não,1,1,1,2,2
1292,42,603,4,2,2372,6,S,16,3,18,2,1,0,0,0,Não,1,1,1,1,2
1293,43,531,2,4,10231,3,N,14,3,23,3,21,7,15,17,Sim,1,1,1,1,1
1294,36,429,3,2,5410,9,S,11,3,18,2,16,14,5,12,Sim,3,1,1,1,1
1295,44,621,3,4,7978,1,N,11,3,10,2,10,7,0,5,Não,4,1,1,1,2
1296,28,193,2,4,3867,1,S,12,3,2,2,2,2,2,2,Não,2,1,2,2,2
1297,51,968,2,3,2838,0,N,14,3,8,6,7,0,7,7,Sim,2,1,2,1,1
1298,30,879,3,3,4695,7,S,18,3,10,3,8,4,1,7,Não,3,1,3,1,1
1299,29,806,3,3,3339,3,S,13,3,10,2,7,7,7,7,Sim,2,1,1,1,3
1301,28,640,3,1,2080,2,N,11,3,5,2,3,2,1,2,Não,1,1,1,2,1
1303,25,266,3,2,2096,1,N,18,3,2,3,2,2,2,1,Não,1,1,1,1,1
1304,32,604,4,4,6209,1,N,15,3,10,4,10,7,0,8,Não,1,1,1,2,2
1306,45,364,3,2,18061,3,N,22,4,22,4,0,0,0,0,Não,5,1,2,1,1
1307,39,412,2,2,17123,6,S,13,3,21,4,19,9,15,2,Sim,5,1,1,1,3
1308,58,848,3,3,2372,1,N,12,3,2,3,2,2,2,2,Não,1,1,1,2,3
1309,32,1089,3,3,4883,1,N,18,3,10,3,10,4,1,1,Não,2,1,1,2,2
1310,39,360,3,1,3904,0,N,13,3,6,2,5,2,0,3,Não,1,1,1,2,1
1311,30,1138,2,4,4627,0,N,12,3,10,6,9,2,6,7,Sim,2,1,1,1,2
1312,36,325,3,3,7094,3,N,12,3,10,0,7,7,1,7,Não,4,1,1,1,2
1314,46,991,3,1,3423,6,N,12,3,10,3,7,6,5,7,Sim,1,1,1,1,1
1315,28,1476,1,4,6674,0,N,11,3,10,6,9,8,7,5,Sim,2,1,3,1,2
1317,50,1322,3,1,16880,4,S,11,3,25,2,3,2,1,2,Não,6,1,1,1,2
1318,40,299,2,2,9094,2,S,12,3,9,2,5,4,1,0,Não,1,1,1,2,1
1319,52,1030,3,2,8446,9,S,19,3,10,2,8,7,7,7,Sim,1,1,1,2,1
1321,30,634,3,1,11916,1,S,23,4,9,2,9,1,0,8,Não,5,1,1,1,2
1322,39,524,3,3,4534,0,N,11,3,9,6,8,7,1,7,Não,3,1,1,2,1
1324,31,587,3,3,9852,1,S,19,3,10,5,10,8,9,6,Sim,1,1,3,1,3
1329,41,256,1,2,6151,1,N,13,3,19,4,19,2,11,9,Sim,1,1,3,2,1
1331,31,1060,3,2,2302,1,S,11,3,3,2,3,2,2,2,Não,5,1,2,1,1
1333,44,935,3,1,2362,4,N,12,3,10,4,3,2,1,2,Não,2,1,1,2,2
1334,42,495,3,3,17861,0,S,13,3,21,3,20,8,2,10,Não,5,1,3,2,2
1336,55,282,1,3,19187,4,N,14,3,23,5,19,9,9,11,Sim,5,1,1,1,2
1338,56,206,3,2,19717,6,N,14,3,36,4,7,3,7,7,Sim,5,1,1,2,1
1340,40,458,3,3,3544,9,N,16,3,6,0,4,2,0,0,Não,1,1,3,2,3
1344,34,943,3,4,8500,0,N,11,3,10,0,9,7,1,6,Não,4,1,1,2,3
1346,40,523,3,4,4661,1,N,13,3,9,4,9,8,8,8,Sim,1,1,1,2,1
1349,41,1018,3,1,4103,0,N,17,3,10,2,9,3,1,7,Não,1,1,2,1,3
1350,35,482,3,3,4249,1,S,11,3,9,3,9,6,1,1,Não,1,1,2,2,1
1352,51,770,3,2,14026,1,S,11,3,33,2,33,9,0,10,Não,5,1,1,2,3
1355,38,1009,3,1,6893,3,N,15,3,11,3,7,7,1,7,Não,1,1,1,1,3
1356,34,507,3,1,6125,1,N,12,3,10,6,10,8,9,6,Sim,1,1,1,1,1
1358,25,882,3,4,3669,3,N,11,3,7,6,3,2,1,2,Não,2,1,1,2,2
1360,58,601,2,1,10008,7,S,14,3,31,0,10,9,5,9,Sim,3,1,1,1,2
1361,40,329,3,2,2387,3,N,22,4,7,3,4,2,0,3,Não,2,1,1,2,2
1362,36,607,4,1,4639,2,N,16,3,17,2,15,7,6,13,Sim,1,1,2,1,2
1363,48,855,3,4,7898,1,N,11,3,11,2,10,9,0,8,Não,3,1,1,2,1
1364,27,1291,4,4,2534,8,N,14,3,5,4,1,0,0,0,Não,5,1,1,1,2
1367,51,1405,2,2,13142,3,N,16,3,29,1,5,2,0,3,Não,3,1,1,1,1
1368,18,1124,3,4,1611,1,N,15,3,0,5,0,0,0,0,Não,2,1,3,1,1
1369,35,817,2,4,5363,0,N,12,3,10,0,9,7,0,0,Não,2,1,1,1,2
1371,27,793,1,4,5071,3,N,20,4,8,3,6,2,0,0,Não,1,1,2,2,1
1372,55,267,4,3,13695,6,S,17,3,24,2,19,7,3,8,Não,1,1,1,2,1
1373,56,1369,3,2,13402,4,S,12,3,33,0,19,16,15,9,Sim,3,1,1,2,2
1374,34,999,2,3,2029,1,N,20,4,5,2,5,4,0,0,Não,1,1,3,1,3
1375,40,1202,4,3,6377,5,N,20,4,15,0,12,11,11,8,Sim,4,1,1,1,3
1377,34,285,3,3,5429,4,N,13,3,10,1,8,7,7,7,Sim,2,1,1,2,2
1379,31,703,2,4,2785,7,N,14,3,3,3,1,0,0,0,Não,5,1,2,1,1
1380,35,662,3,3,4614,0,S,18,3,5,0,4,2,3,2,Não,1,1,2,1,2
1382,38,693,4,3,2610,1,N,11,3,4,2,4,2,0,3,Não,1,1,2,2,3
1383,34,404,3,4,6687,1,N,11,3,14,2,14,11,4,11,Não,4,1,1,1,1
1387,28,736,2,1,4724,1,N,11,3,5,0,5,3,0,4,Não,1,1,1,2,2
1389,31,330,3,3,6179,1,S,15,3,10,3,10,2,6,7,Sim,3,1,1,2,2
1390,39,1498,2,4,6120,3,S,12,3,8,2,5,4,1,4,Não,1,1,1,2,2
1391,51,541,3,2,10596,2,N,11,3,14,5,4,2,3,2,Não,1,1,2,2,2
1392,41,1200,3,4,5467,3,S,14,3,12,4,6,2,3,3,Não,1,1,2,1,3
1394,37,1439,3,3,2996,7,S,15,3,8,2,6,4,1,3,Não,1,1,1,2,2
1395,33,1111,3,4,9998,6,N,13,3,8,2,5,4,1,2,Não,1,1,2,2,2
1396,32,499,3,2,4078,0,S,13,3,4,3,3,2,1,2,Não,1,1,1,2,2
1397,39,1485,3,3,10920,3,N,21,4,13,2,6,4,0,5,Não,4,1,3,2,2
1399,25,1372,4,3,6232,2,N,11,3,6,3,3,2,1,2,Não,1,1,1,2,2
1401,52,322,4,3,13247,2,S,11,3,24,3,5,3,0,2,Não,3,1,2,1,2
1402,43,930,2,3,4081,1,S,14,3,20,3,20,7,1,8,Não,1,1,1,1,1
1403,27,205,2,4,5769,1,S,11,3,6,3,6,2,4,4,Não,1,1,1,1,2
1405,27,135,3,3,2394,1,S,13,3,8,2,8,2,7,7,Sim,1,1,1,1,1
1407,26,683,2,4,3904,0,N,12,3,5,2,4,3,1,1,Não,1,1,1,2,1
1408,42,1147,3,1,16799,0,N,14,3,21,5,20,7,0,9,Não,5,1,1,1,2
1409,52,258,3,1,2950,9,N,13,3,12,2,5,4,0,4,Não,2,1,1,1,2
1411,37,1462,3,3,3629,4,N,18,3,8,6,3,2,0,2,Não,2,1,1,1,1
1412,35,200,3,4,9362,2,N,11,3,10,2,2,2,2,2,Não,3,1,2,2,1
1415,25,949,3,4,3229,4,N,11,3,7,2,3,2,0,2,Não,2,1,1,2,2
1417,26,652,4,1,3578,0,N,12,3,8,2,7,7,0,7,Não,2,1,1,2,1
1419,29,332,2,1,7988,1,N,13,3,10,3,10,9,0,9,Não,1,1,1,2,1
1420,49,1475,2,1,4284,3,N,20,4,20,2,4,3,1,3,Não,2,1,2,2,1
1421,29,337,3,4,7553,0,S,12,3,9,1,8,7,7,7,Sim,4,1,2,1,1
1422,54,971,3,4,17328,6,N,19,3,29,3,20,7,12,7,Sim,6,1,1,1,1
1423,58,1055,3,1,19701,3,S,21,4,32,3,9,8,1,5,Não,6,1,1,1,2
1424,55,1136,4,4,14732,2,N,13,3,31,4,7,7,0,0,Não,6,1,1,2,3
1425,36,1174,3,2,9278,3,S,16,3,15,3,5,4,0,1,Não,1,1,1,1,1
1427,31,667,1,3,1359,1,N,12,3,1,3,1,0,0,0,Não,5,1,2,1,1
1428,30,855,3,1,4779,7,N,14,3,8,3,3,2,0,2,Não,1,1,1,1,3
1430,31,182,3,2,16422,3,N,11,3,9,3,3,2,1,0,Não,6,1,1,1,1
1431,34,560,3,1,2996,5,N,14,3,10,2,4,3,1,3,Não,1,1,2,2,3
1433,31,202,2,2,1261,1,N,12,3,1,3,1,0,0,0,Não,1,1,1,1,1
1434,27,1377,3,1,2099,0,N,14,3,6,3,5,0,1,4,Não,2,1,1,2,2
1435,36,172,2,4,5810,1,N,16,3,10,2,10,4,1,8,Não,2,1,1,2,1
1436,36,329,2,1,5647,4,N,13,3,11,3,3,2,0,2,Não,1,1,1,1,2
1438,47,465,3,4,3420,7,N,12,3,17,2,6,5,1,2,Não,1,1,1,2,2
1439,25,383,2,1,4400,3,N,12,3,6,2,3,2,2,2,Não,5,1,1,2,2
1440,37,1413,4,3,3500,0,N,14,3,7,2,6,5,1,3,Não,2,1,3,2,1
1441,56,1255,3,1,2066,2,N,22,4,5,3,3,2,1,0,Não,1,1,1,1,2
1443,47,359,3,3,17169,3,N,19,3,26,2,20,17,5,6,Sim,6,1,1,1,2
1445,24,1476,3,3,4162,1,S,12,3,5,3,5,4,0,3,Não,1,1,1,1,2
1446,32,601,3,4,9204,4,N,12,3,7,3,4,3,0,3,Não,1,1,1,2,2
1447,34,401,2,2,3294,5,N,17,3,7,2,5,4,0,2,Não,2,1,1,1,2
1448,41,1283,4,3,2127,2,S,12,3,7,5,4,2,0,3,Não,1,1,1,2,2
1449,40,663,3,3,3975,3,N,11,3,11,2,8,7,0,7,Não,2,1,3,2,3
1453,31,326,3,4,10793,1,N,18,3,13,5,13,7,9,9,Sim,1,1,1,2,3
1457,46,377,3,4,10096,4,N,11,3,28,1,7,7,4,3,Não,1,1,1,2,3
1458,39,592,2,1,3646,2,S,23,4,11,2,1,0,0,0,Não,2,1,3,1,1
1459,31,1445,4,2,7446,1,N,11,3,10,2,10,8,4,7,Não,3,1,2,1,1
1460,45,1038,1,1,10851,2,S,18,3,24,2,7,7,0,7,Não,4,1,1,2,3
1461,31,1398,4,2,2109,9,N,18,3,8,3,3,2,0,2,Não,1,1,1,1,1
1464,31,523,3,4,3722,6,S,13,3,7,2,2,2,2,2,Não,2,1,2,2,2
1465,45,1448,3,4,9380,4,S,18,3,10,4,3,1,1,2,Não,3,1,1,2,2
1466,48,1221,3,1,5486,4,N,11,3,15,3,2,2,2,2,Não,1,1,1,2,3
1467,34,1107,3,3,2742,1,N,15,3,2,0,2,2,2,2,Não,1,1,1,1,2
1468,40,218,2,2,13757,2,N,11,3,16,5,9,8,4,8,Não,6,1,3,2,3
1469,28,866,3,1,8463,0,N,18,3,6,4,5,4,1,3,Não,1,1,1,2,1
1471,44,981,2,3,3162,3,N,14,3,7,5,5,2,0,3,Não,2,1,3,2,1
1472,53,447,4,2,16598,4,N,12,3,35,2,9,8,8,8,Sim,6,1,1,2,1
1473,49,1495,3,3,6651,2,N,14,3,20,0,3,2,1,2,Não,4,1,1,2,2
1474,40,896,3,3,2345,2,N,14,3,8,3,3,1,1,2,Não,1,1,1,2,3
1475,44,1467,3,2,3420,1,N,13,3,6,3,5,2,1,3,Não,1,1,1,2,1
1477,33,430,3,1,4373,0,N,14,3,5,2,4,3,0,3,Não,1,1,2,2,2
1478,34,1326,1,1,4759,3,N,18,3,15,2,13,9,3,12,Não,1,1,1,2,1
1479,30,1358,3,3,5301,8,N,15,3,4,2,2,1,2,2,Não,1,1,1,2,2
1480,42,748,3,4,3673,1,N,13,3,12,3,12,9,5,8,Sim,2,1,2,1,1
1481,44,383,3,3,4768,7,N,12,3,11,4,1,0,0,0,Não,1,1,2,1,2
1482,30,990,3,3,1274,1,N,13,3,1,2,1,0,0,0,Não,1,1,3,2,3
1483,57,405,4,3,4900,0,N,24,4,13,2,12,9,2,8,Não,1,1,1,2,2
1484,49,1490,3,2,10466,3,N,14,3,29,3,8,7,0,7,Não,4,1,1,2,3
1485,34,829,3,1,17007,7,N,14,3,16,3,14,8,6,9,Sim,6,1,2,2,3
1486,28,1496,3,3,2909,3,N,15,3,5,3,3,2,1,2,Não,5,1,2,2,2
1487,29,115,3,2,5765,5,N,11,3,7,4,5,3,0,0,Não,1,1,2,1,1
1489,34,790,2,2,4599,0,S,23,4,16,2,15,9,10,10,Sim,1,1,1,1,1
1492,35,660,3,3,2404,1,N,13,3,1,3,1,0,0,0,Não,5,1,1,2,2
1494,24,381,3,1,3172,2,S,11,3,4,2,0,0,0,0,Não,2,1,2,2,1
1495,24,830,3,2,2033,1,N,13,3,1,2,1,0,0,0,Não,5,1,3,1,2
1496,44,1193,3,3,10209,5,S,18,3,16,2,2,2,2,2,Não,3,1,2,2,1
1497,29,1246,2,3,8620,1,N,14,3,10,3,10,7,0,4,Não,1,1,1,2,3
1499,30,330,3,3,2064,0,N,21,4,6,3,5,3,1,3,Não,1,1,1,2,3
1501,55,1229,3,3,4035,0,S,16,3,4,2,3,2,1,2,Não,4,1,1,2,2
1502,33,1099,2,2,3838,8,N,11,3,8,5,5,4,0,2,Não,2,1,1,1,2
1503,47,571,3,3,4591,3,S,17,3,11,4,5,4,1,2,Não,1,1,1,1,2
1504,28,289,2,1,2561,7,N,11,3,8,2,0,0,0,0,Não,2,1,2,2,1
1506,28,1423,2,3,1563,1,N,14,3,1,2,1,0,0,0,Não,1,1,1,2,3
1507,28,467,3,1,4898,0,N,14,3,5,5,4,2,1,3,Não,1,1,2,2,1
1509,49,271,2,1,4789,4,N,25,4,10,3,3,2,1,2,Não,2,1,1,1,2
1513,29,410,3,2,3180,0,N,13,3,4,3,3,2,0,2,Não,2,1,2,1,2
1514,28,1083,1,2,6549,1,N,14,3,8,2,8,6,1,7,Não,3,1,1,2,2
1515,33,516,3,3,6388,2,S,17,3,14,6,0,0,0,0,Não,4,1,1,2,1
1516,32,495,3,4,11244,2,N,25,4,10,5,5,2,0,0,Não,5,1,1,2,1
1520,54,1050,3,4,16032,3,N,20,4,26,2,14,9,1,12,Não,5,1,2,1,3
1522,29,224,2,1,2362,6,N,13,3,11,2,9,7,0,7,Não,1,1,1,2,1
1523,44,136,3,1,16328,3,N,13,3,24,1,20,6,14,17,Sim,6,1,1,2,2
1525,39,1089,3,2,8376,4,N,18,3,9,3,2,0,2,2,Não,3,1,1,1,1
1527,46,228,3,2,16606,8,N,12,3,23,2,13,12,5,1,Sim,5,1,1,1,2
1529,35,1029,2,2,8606,1,N,19,3,11,3,11,8,3,3,Não,4,1,1,1,1
1533,23,507,3,3,2272,0,N,14,3,5,2,4,3,1,2,Não,2,1,1,2,1
1534,40,676,3,1,2018,3,N,14,3,15,3,5,4,1,0,Não,2,1,1,2,1
1535,34,971,2,3,7083,1,S,14,3,10,3,10,9,8,6,Sim,1,1,1,2,2
1537,31,561,3,3,4084,1,N,12,3,7,2,7,2,7,7,Sim,1,1,2,1,1
1539,50,333,1,4,14411,1,S,13,3,32,2,32,6,13,9,Sim,6,1,2,2,1
1541,34,1440,3,3,2308,0,S,25,4,12,4,11,10,5,7,Sim,5,1,1,2,2
1542,42,1210,2,2,4841,4,N,14,3,4,3,1,0,0,0,Não,2,1,1,2,2
1543,37,674,3,4,4285,1,N,17,3,10,2,10,8,3,7,Não,1,1,1,2,2
1544,29,441,1,1,9715,3,N,13,3,9,3,7,7,0,7,Não,4,1,1,1,2
1545,33,575,2,2,4320,1,N,13,3,5,2,5,3,0,2,Não,3,1,1,2,1
1546,45,950,3,4,2132,4,N,20,4,8,3,5,4,0,3,Não,1,1,1,2,2
1547,42,288,3,4,10124,2,S,14,3,24,3,20,8,13,9,Sim,4,1,2,2,2
1548,40,1342,3,1,5473,0,N,12,3,9,5,8,4,7,1,Sim,1,1,1,2,2
1549,33,589,3,3,5207,1,S,12,3,15,3,15,14,5,7,Sim,2,1,1,2,2
1550,40,898,3,4,16437,1,S,21,4,21,2,21,7,7,7,Sim,5,1,1,2,1
1551,24,350,2,1,2296,0,N,14,3,2,3,1,1,0,0,Não,2,1,1,2,3
1552,40,1142,3,4,4069,3,S,18,3,8,2,2,2,2,2,Não,4,1,3,2,3
1553,45,538,3,2,7441,1,N,12,3,10,4,10,8,7,7,Sim,4,1,1,2,3
1554,35,1402,2,3,2430,0,N,23,4,6,5,5,3,4,2,Não,5,1,1,1,2
1555,32,824,2,2,5878,3,N,12,3,12,2,7,1,2,5,Não,1,1,1,1,2
1556,36,1157,3,4,2644,3,S,21,4,7,3,3,2,1,2,Não,5,1,1,2,1
1557,48,492,3,3,6439,8,N,14,3,18,2,8,7,7,7,Sim,1,1,1,1,3
1558,29,598,4,3,2451,6,N,18,3,5,2,1,0,0,0,Não,1,1,1,2,2
1560,33,1242,3,1,6392,2,N,13,3,8,6,2,2,2,2,Não,1,1,1,2,2
1562,30,740,2,1,9714,1,N,11,3,10,4,10,8,6,7,Sim,1,1,1,2,2
1563,38,888,3,3,6077,3,N,11,3,10,2,6,3,1,2,Não,1,1,2,2,2
1564,35,992,2,1,2450,1,N,19,3,3,3,3,0,1,2,Não,2,1,1,2,1
1568,30,1288,3,2,9250,3,N,12,3,9,3,4,2,1,3,Não,1,1,1,2,2
1569,35,104,3,1,2074,1,S,12,3,1,2,1,0,0,0,Não,2,1,1,1,3
1572,53,607,2,4,10169,0,N,16,3,34,4,33,7,1,9,Não,3,1,1,1,2
1573,38,903,3,2,4855,4,N,11,3,7,2,5,2,1,4,Não,3,1,1,2,2
1574,32,1200,3,1,4087,4,N,14,3,9,3,6,5,1,2,Não,1,1,3,2,2
1576,48,1108,3,1,2367,8,N,12,3,10,3,8,2,7,6,Sim,1,1,1,1,2
1577,34,479,3,4,2972,1,N,13,3,1,4,1,0,0,0,Não,1,1,1,2,1
1578,55,685,2,4,19586,1,N,21,4,36,3,36,6,2,13,Não,5,1,1,2,2
1580,34,1351,3,4,5484,9,N,17,3,9,3,2,2,2,1,Não,1,1,1,2,2
1581,26,474,3,4,2061,1,N,21,4,1,5,1,0,0,0,Não,1,1,1,1,2
1582,38,1245,3,2,9924,0,N,11,3,10,3,9,8,7,7,Sim,1,1,1,2,2
1583,38,437,3,2,4198,2,N,12,3,8,5,3,2,1,2,Não,1,1,1,1,1
1585,36,884,3,3,6815,6,N,13,3,15,5,1,0,0,0,Não,1,1,1,1,1
1586,29,1370,3,1,4723,1,S,18,3,10,3,10,9,1,5,Não,2,1,1,2,1
1587,35,670,3,3,6142,3,S,16,3,10,4,5,2,0,4,Não,4,1,1,1,1
1588,39,1462,4,3,8237,2,N,11,3,11,3,7,6,7,6,Sim,1,1,1,2,2
1590,29,995,3,4,8853,1,N,19,3,6,0,6,4,1,3,Não,4,1,2,2,3
1591,50,264,3,3,19331,4,S,16,3,27,2,1,0,0,0,Não,5,1,1,2,2
1592,23,977,4,3,2073,2,N,16,3,4,2,2,2,2,2,Não,1,1,1,2,2
1594,36,1302,4,1,5562,3,S,13,3,9,3,3,2,0,2,Não,2,1,2,2,2
1595,42,1059,2,4,19613,8,N,22,4,24,2,1,0,0,1,Não,5,1,1,2,1
1596,35,750,4,3,3407,1,N,17,3,10,3,10,9,6,8,Sim,2,1,1,2,2
1597,34,653,2,3,5063,1,N,14,3,8,3,8,2,7,7,Sim,4,1,2,2,2
1598,40,118,3,1,4639,1,N,15,3,5,2,5,4,1,2,Não,1,1,1,1,2
1599,43,990,4,2,4876,5,N,12,3,8,0,6,4,0,2,Não,2,1,1,2,3
1601,35,1349,2,4,2690,1,N,18,3,1,5,1,0,0,1,Não,2,1,1,2,2
1602,46,563,4,1,17567,1,N,15,3,27,5,26,0,0,12,Não,5,1,1,2,1
1604,28,329,3,2,2408,1,S,17,3,1,3,1,1,0,0,Não,2,1,1,2,2
1605,22,457,2,3,2814,1,S,14,3,4,2,4,2,1,3,Não,1,1,3,1,2
1606,50,1234,3,3,11245,2,S,15,3,32,3,30,8,12,13,Sim,4,1,2,2,2
1607,32,634,4,4,3312,3,N,17,3,6,3,3,2,0,2,Não,1,1,1,1,2
1608,44,1313,3,4,19049,0,S,14,3,23,4,22,7,1,10,Não,6,1,1,1,3
1609,30,241,2,2,2141,1,N,12,3,6,3,6,4,1,1,Não,1,1,1,2,2
1611,45,1015,1,1,5769,1,S,14,3,10,3,10,7,1,4,Não,2,1,1,1,1
1612,45,336,2,1,4385,1,N,15,3,10,2,10,7,4,5,Não,1,1,3,2,2
1613,31,715,3,1,5332,7,N,13,3,10,3,5,2,0,3,Não,1,1,2,2,1
1614,36,559,3,3,4663,9,S,12,3,7,2,3,2,1,1,Não,3,1,1,1,2
1615,34,426,4,4,4724,1,N,13,3,9,3,9,7,7,2,Sim,3,1,2,2,3
1617,49,722,3,1,3211,1,N,14,3,10,3,9,6,1,4,Não,2,1,1,1,2
1618,39,1387,3,1,5377,2,N,13,3,10,3,7,7,7,7,Sim,3,1,1,2,2
1619,27,1302,2,1,4066,1,N,11,3,7,3,7,7,0,7,Não,2,1,1,2,3
1621,35,819,4,1,5208,1,N,11,3,16,2,16,15,1,10,Não,1,1,1,2,2
1622,28,580,1,1,4877,0,N,21,4,6,5,5,3,0,0,Não,3,1,1,1,3
1623,21,546,3,4,3117,1,N,18,3,3,2,2,2,2,2,Não,1,1,1,2,1
1624,18,544,3,4,1569,1,S,12,3,0,2,0,0,0,0,Não,5,1,2,1,1
1625,47,1176,3,3,19658,3,N,11,3,27,2,5,2,1,0,Não,5,1,1,1,2
1627,39,170,2,3,3069,0,N,15,3,11,3,10,8,0,7,Não,2,1,1,2,3
1628,40,884,2,3,10435,1,N,13,3,18,2,18,15,14,12,Sim,3,1,1,1,2
1630,35,208,3,3,4148,1,N,12,3,15,5,14,11,2,9,Não,4,1,3,1,2
1631,37,671,3,3,5768,3,N,17,3,9,2,4,3,0,2,Não,3,1,1,2,2
1633,39,711,3,3,5042,0,N,13,3,10,2,9,2,3,8,Não,3,1,2,1,1
1635,45,1329,2,4,5770,1,N,19,3,10,3,10,7,3,9,Não,3,1,1,1,3
1638,38,397,2,3,7756,3,S,19,3,10,6,5,4,0,2,Não,3,1,1,1,2
1639,35,737,2,1,10306,9,N,17,3,15,3,13,12,6,0,Sim,1,1,1,2,2
1640,37,1470,3,2,3936,1,N,11,3,8,2,8,4,7,7,Sim,1,1,1,1,2
1641,40,448,3,4,7945,6,S,15,3,18,2,4,2,3,3,Não,3,1,1,1,1
1642,44,602,3,4,5743,4,S,11,3,14,3,10,7,0,2,Não,1,1,2,2,2
1644,48,365,2,4,15202,2,N,25,4,23,3,2,2,2,2,Não,5,1,2,2,2
1645,35,763,1,4,5440,6,S,14,3,7,2,2,2,2,2,Não,1,1,1,2,3
1646,24,567,3,4,3760,1,S,13,3,6,2,6,3,1,3,Não,1,1,2,1,1
1647,27,486,4,3,3517,7,N,17,3,5,0,3,2,0,2,Não,1,1,1,1,2
1648,27,591,3,4,2580,2,N,13,3,6,0,4,2,1,2,Não,1,1,2,2,1
1649,40,1329,3,1,2166,3,S,14,3,10,3,4,2,0,3,Não,2,1,1,2,1
1650,29,469,2,3,5869,9,N,11,3,8,2,5,2,1,4,Não,1,1,1,2,1
1651,36,711,3,1,8008,4,N,12,3,9,6,3,2,0,2,Não,4,1,1,1,2
1653,25,772,4,3,5206,1,N,17,3,7,6,7,7,0,7,Não,3,1,2,2,3
1654,39,492,3,2,5295,4,N,21,4,7,3,5,4,1,0,Não,3,1,1,2,2
1655,49,301,3,2,16413,3,N,16,3,27,2,4,2,1,2,Não,6,1,1,1,2
1656,50,813,2,1,13269,5,N,15,3,19,3,14,11,1,11,Não,6,1,1,1,3
1657,20,1141,3,3,2783,1,N,19,3,2,3,2,2,2,2,Não,5,1,1,1,1
1658,34,1130,3,2,5433,1,N,12,3,11,2,11,8,7,9,Sim,1,1,1,1,3
1659,36,311,3,2,2013,2,N,11,3,15,4,4,3,1,3,Não,2,1,1,2,1
1661,49,465,2,3,13966,2,S,19,3,30,3,15,11,2,12,Não,4,1,1,1,2
1662,36,894,2,3,4374,0,N,15,3,4,6,3,2,1,2,Não,3,1,3,1,2
1664,36,1040,4,1,6842,6,N,20,4,13,3,5,4,0,4,Não,4,1,1,2,3
1665,54,584,3,3,17426,3,N,25,4,36,6,10,8,4,7,Não,5,1,1,1,2
1666,43,1291,2,3,17603,1,N,24,4,14,3,14,10,6,11,Sim,6,1,1,2,2
1667,35,880,3,4,4581,3,S,24,4,13,2,11,9,6,7,Sim,1,1,2,2,1
1668,38,1189,3,4,4735,7,N,15,3,19,4,13,11,2,9,Não,1,1,2,2,2
1669,29,991,2,2,4187,1,S,13,3,10,3,10,0,0,9,Não,1,1,1,2,3
1670,33,392,3,4,5505,1,N,14,3,6,5,6,2,0,4,Não,1,1,1,2,3
1671,32,977,3,2,5470,0,N,13,3,10,4,9,5,1,6,Não,1,1,1,2,3
1673,31,1112,3,4,5476,1,N,11,3,10,2,10,0,0,2,Não,1,1,1,1,2
1674,49,464,3,1,2587,4,S,16,3,17,2,2,2,2,2,Não,2,1,1,1,3
1675,38,148,2,2,2440,1,N,22,4,4,3,4,3,3,3,Não,2,1,2,1,1
1676,47,1225,4,2,15972,6,N,14,3,29,2,3,2,1,2,Não,5,1,1,1,3
1677,49,809,3,3,15379,4,N,14,3,23,2,8,7,0,0,Não,5,1,1,2,1
1678,41,1206,3,3,7082,3,S,16,3,21,2,2,0,0,2,Não,1,1,1,2,1
1680,20,727,3,1,2728,1,N,11,3,2,3,2,2,0,2,Não,5,1,1,2,1
1681,33,530,3,4,5368,1,S,25,4,7,2,6,5,1,2,Não,1,1,3,1,3
1682,36,1351,3,3,5347,6,N,14,3,10,2,3,2,0,2,Não,4,1,1,2,2
1683,44,528,3,4,3195,4,S,18,3,8,2,2,2,2,2,Não,1,1,1,1,3
1684,23,1320,2,3,3989,1,S,11,3,5,2,5,4,1,2,Não,2,1,1,2,1
1687,38,1495,3,3,3306,7,N,19,3,7,5,0,0,0,0,Não,2,1,1,1,2
1689,53,1395,4,4,7005,3,N,15,3,11,2,4,3,1,2,Não,4,1,1,2,2
1691,48,708,3,3,2655,2,S,11,3,19,3,9,7,7,7,Sim,5,1,2,1,2
1692,32,1259,3,2,1393,1,N,12,3,1,2,1,0,0,0,Não,2,1,1,2,1
1693,26,786,3,4,2570,1,N,20,4,7,5,7,7,5,7,Sim,2,1,3,2,1
1694,55,1441,2,2,3537,5,N,12,3,8,1,4,2,1,2,Não,1,1,1,2,3
1696,34,1157,2,4,3986,1,N,14,3,15,3,15,10,4,13,Não,2,1,1,2,2
1697,60,370,1,4,10883,3,N,20,4,19,2,1,0,0,0,Não,4,1,1,2,3
1698,33,267,4,2,2028,1,N,18,3,14,6,14,11,2,13,Não,2,1,1,2,2
1700,37,1278,1,4,9525,1,N,14,3,6,2,6,3,1,3,Não,1,1,2,2,3
1701,34,678,2,4,2929,1,N,12,3,10,3,10,9,8,7,Sim,1,1,1,1,2
1702,23,427,3,4,2275,1,S,21,4,3,2,3,2,0,2,Não,5,1,1,2,3
1703,44,921,4,4,7879,1,S,19,3,9,2,8,7,6,7,Sim,4,1,1,1,2
1704,35,146,2,4,4930,0,S,14,3,6,2,5,4,1,4,Não,1,1,2,2,1
1706,43,1179,3,4,7847,1,S,17,3,10,3,10,9,8,8,Sim,1,1,1,2,2
1707,24,581,4,3,4401,1,N,16,3,5,1,5,3,0,4,Não,1,1,1,2,2
1708,41,918,3,3,9241,1,N,12,3,10,3,10,8,8,7,Sim,1,1,1,2,1
1709,29,1082,3,3,2974,9,N,17,3,9,2,5,3,1,2,Não,2,1,1,1,2
1710,36,530,3,4,4502,3,N,15,3,17,2,13,7,6,7,Sim,5,1,1,1,1
1712,45,1238,2,3,10748,3,N,23,4,25,3,23,15,14,4,Sim,4,1,3,2,2
1714,24,240,1,3,1555,1,N,11,3,1,2,1,0,0,0,Não,1,1,1,2,2
1716,47,1093,1,3,12936,7,N,11,3,25,3,23,5,14,10,Sim,1,1,2,2,2
1718,26,390,1,3,2305,1,N,15,3,3,3,3,2,0,2,Não,2,1,1,2,2
1719,45,1005,2,2,16704,1,N,11,3,21,2,21,6,8,6,Sim,6,1,1,1,1
1720,32,585,3,3,3433,6,N,13,3,10,3,5,2,1,3,Não,1,1,2,2,2
1721,31,741,3,3,3477,1,N,14,3,6,2,5,2,0,3,Não,2,1,1,2,2
1722,41,552,1,2,6430,6,N,19,3,10,4,3,2,1,2,Não,1,1,3,2,2
1724,40,369,3,1,6516,2,S,16,3,18,3,1,0,0,0,Não,3,1,1,1,2
1725,24,506,3,1,3907,1,N,13,3,6,2,6,2,1,2,Não,2,1,1,2,3
1727,46,717,3,2,5562,6,N,14,3,19,3,10,7,0,9,Não,4,1,1,2,1
1728,35,1370,3,3,6883,2,N,16,3,17,3,7,7,0,7,Não,3,1,1,2,2
1729,30,793,3,4,2862,1,N,12,3,10,2,10,0,0,8,Não,1,1,1,2,2
1731,47,543,3,2,4978,7,N,11,3,4,3,1,0,0,0,Não,1,1,3,2,2
1732,46,1277,3,4,10368,4,S,12,3,13,5,10,6,0,3,Não,1,1,1,2,3
1733,36,1456,2,1,6134,5,S,13,3,16,3,2,2,2,2,Não,1,1,1,2,3
1734,32,964,1,2,6735,6,N,15,3,10,2,0,0,0,0,Não,1,1,1,2,1
1735,23,160,3,2,3295,1,N,13,3,3,3,3,2,1,2,Não,2,1,1,1,1
1736,31,163,3,4,5238,2,N,20,4,9,3,5,4,1,4,Não,3,1,2,1,1
1737,39,792,3,4,6472,1,S,15,3,9,2,9,8,5,8,Sim,2,1,3,2,2
1739,32,371,1,3,9610,3,N,13,3,10,2,4,3,0,2,Não,1,1,1,2,2
1740,40,611,3,2,19833,1,N,14,3,21,3,21,8,12,8,Sim,5,1,1,2,1
1744,45,176,1,3,9756,4,N,21,4,9,2,5,0,0,3,Não,1,1,1,1,2
1745,30,1312,2,1,4968,0,N,16,3,10,2,9,7,0,7,Não,1,1,2,1,1
1746,24,897,3,4,2145,0,N,14,3,3,2,2,2,2,1,Não,1,1,2,2,2
1747,30,600,2,4,2180,6,N,11,3,6,0,4,2,1,2,Não,1,1,2,1,3
1749,31,1003,3,3,8346,1,N,19,3,6,3,5,2,0,2,Não,1,1,1,2,2
1751,27,1054,3,4,3445,1,N,11,3,6,5,6,2,1,4,Não,1,1,1,1,1
1752,29,428,1,2,2760,1,N,13,3,2,3,2,2,2,2,Não,5,1,1,1,1
1753,29,461,4,3,6294,8,S,12,3,10,5,3,2,0,2,Não,4,1,2,2,1
1754,30,979,2,1,7140,2,N,11,3,12,2,7,7,1,7,Não,1,1,1,2,3
1755,34,181,4,4,2932,0,S,14,3,6,3,5,0,1,2,Não,1,1,1,2,2
1756,33,1283,3,2,5147,8,N,15,3,13,2,11,7,1,7,Não,1,1,3,1,1
1757,49,1313,3,4,4507,3,N,12,3,8,1,5,1,0,4,Não,1,1,1,1,1
1758,33,211,3,1,8564,2,S,20,4,11,2,0,0,0,0,Não,1,1,1,1,1
1760,38,594,2,2,2468,4,N,14,3,9,4,6,1,0,5,Não,2,1,2,1,2
1761,31,1079,3,3,8161,2,N,13,3,10,2,1,0,0,0,Não,1,1,1,2,2
1762,29,590,2,1,2109,1,N,13,3,1,2,1,0,0,0,Não,1,1,1,1,3
1763,30,305,4,3,5294,3,N,16,3,10,3,7,0,1,7,Não,4,1,1,2,2
1764,32,953,3,2,2718,2,N,14,3,12,3,7,7,0,7,Não,1,1,3,2,1
1766,38,833,1,4,5811,3,S,16,3,15,2,1,0,1,0,Não,4,1,1,2,2
1767,43,807,2,3,2437,9,S,16,3,6,4,1,0,0,0,Não,1,1,2,2,2
1768,42,855,3,2,2766,8,N,22,4,7,6,5,3,0,4,Não,2,1,1,2,3
1770,55,478,2,1,19038,8,N,12,3,34,2,1,0,0,0,Não,6,1,1,2,2
1771,33,775,3,2,3055,5,N,15,3,11,2,9,8,1,7,Não,1,1,3,2,3
1772,41,548,3,1,2289,1,N,20,4,5,2,5,3,0,4,Não,2,1,1,2,3
1774,34,1375,3,3,4001,1,S,14,3,15,3,15,14,0,7,Não,1,1,3,2,3
1775,53,661,2,3,12965,4,S,20,4,27,2,3,2,0,2,Não,3,1,3,1,2
1778,43,244,3,4,3539,0,N,13,3,10,5,9,7,1,8,Não,1,1,1,2,1
1779,34,511,1,4,16029,5,N,12,3,6,3,2,2,2,2,Não,1,1,1,1,1
1780,21,337,3,2,12679,1,N,13,3,1,3,1,0,1,0,Não,5,1,1,2,1
1782,38,1153,2,3,13702,1,N,11,3,5,3,5,4,0,4,Não,2,1,1,1,2
1783,22,1294,3,1,2398,1,S,17,3,1,6,1,0,0,0,Não,2,1,1,1,2
1784,31,196,2,4,5468,1,N,14,3,13,3,12,7,5,7,Sim,1,1,1,1,2
1786,51,942,3,3,13116,2,N,11,3,15,2,2,2,2,2,Não,5,1,1,1,2
1787,37,589,2,2,4189,1,N,14,3,5,2,5,2,0,3,Não,1,1,1,2,2
1789,46,734,3,4,19328,7,S,17,3,24,3,2,1,2,2,Não,6,1,1,2,3
1790,36,1383,3,1,8321,7,S,13,3,15,1,12,8,5,7,Sim,4,1,1,2,2
1792,44,429,3,2,2342,1,S,12,3,6,2,5,3,2,3,Não,1,1,2,2,3
1794,37,1239,3,2,4071,2,N,13,3,19,4,10,0,4,7,Não,1,1,1,2,3
1797,35,303,3,4,5813,1,S,18,3,10,2,10,7,7,7,Sim,1,1,1,2,1
1798,33,867,4,1,3143,6,N,19,3,14,1,10,8,7,6,Sim,1,1,1,2,2
1799,28,1181,3,4,2044,1,N,11,3,5,6,5,3,0,3,Não,1,1,1,2,2
1800,39,1253,3,3,13464,7,N,21,4,9,3,4,3,2,2,Não,6,1,1,2,1
1801,46,849,2,2,7991,8,N,15,3,6,3,2,2,2,2,Não,1,1,3,2,1
1802,40,616,3,1,3377,4,N,17,3,7,5,4,3,0,2,Não,2,1,1,1,2
1803,42,1128,4,1,5538,5,N,18,3,10,2,0,0,0,0,Não,4,1,1,2,2
1804,35,1180,3,4,5762,2,N,14,3,15,6,7,7,1,7,Não,3,1,3,2,3
1805,38,1336,3,2,2592,5,N,13,3,13,3,11,10,3,8,Não,1,1,3,2,3
1807,34,234,3,1,5346,4,N,17,3,11,3,7,1,0,7,Não,2,1,2,2,2
1809,37,370,3,1,4213,1,N,15,3,10,4,10,3,0,8,Não,3,1,1,2,1
1812,39,766,3,4,4127,2,N,18,3,7,6,2,1,2,2,Não,1,1,2,2,3
1813,43,343,3,3,2438,4,N,13,3,7,2,3,2,1,2,Não,1,1,3,2,1
1814,41,447,4,2,6870,3,N,12,3,11,3,3,2,1,2,Não,4,1,1,2,1
1815,41,796,3,3,10447,0,S,13,3,23,3,22,14,13,5,Sim,1,1,1,1,3
1816,30,1092,3,3,9667,9,N,14,3,9,3,7,7,0,2,Não,3,1,1,1,1
1818,26,920,3,2,2148,0,S,11,3,6,3,5,1,1,4,Não,1,1,1,1,2
1821,46,261,3,2,8926,4,N,22,4,13,2,9,7,3,7,Não,4,1,1,1,2
1822,40,1194,3,4,6513,4,N,17,3,12,3,5,3,0,3,Não,4,1,1,1,3
1823,34,810,4,3,6799,1,N,21,4,10,5,10,8,4,8,Não,1,1,1,2,2
1824,58,350,3,2,16291,4,N,22,4,37,0,16,9,14,14,Sim,5,1,3,2,3
1826,35,185,1,3,2705,0,N,16,3,6,2,5,4,0,3,Não,2,1,1,2,2
1827,47,1001,2,2,10333,8,S,12,3,28,4,22,11,14,10,Sim,3,1,1,1,3
1829,40,750,3,1,4448,2,N,12,3,15,3,7,4,7,7,Sim,4,1,1,1,3
1830,54,431,3,4,6854,4,N,15,3,14,2,7,1,1,7,Não,1,1,1,1,2
1833,31,1125,3,1,9637,2,N,14,3,9,3,3,2,2,2,Não,1,1,2,1,2
1834,28,1217,3,1,3591,1,N,25,4,3,3,3,2,1,2,Não,1,1,1,1,2
1835,38,723,1,4,5405,2,S,20,4,20,4,4,2,0,3,Não,5,1,1,1,2
1836,26,572,3,4,4684,1,N,13,3,5,4,5,3,1,2,Não,1,1,1,2,1
1837,58,1216,3,3,15787,2,S,14,3,23,3,2,2,2,2,Não,6,1,2,2,2
1839,18,1431,3,3,1514,1,N,16,3,0,4,0,0,0,0,Não,1,1,3,1,1
1842,31,359,4,1,2956,0,N,17,3,2,4,1,0,0,0,Não,1,1,1,2,2
1844,29,350,2,1,2335,4,S,15,3,4,3,2,2,2,0,Não,1,1,1,2,3
1845,45,589,3,3,5154,4,N,22,4,10,3,8,7,5,7,Sim,1,1,3,1,2
1847,36,430,3,2,6962,4,S,22,4,15,2,1,0,0,0,Não,1,1,1,1,2
1849,43,1422,3,4,5675,1,N,20,4,7,5,7,7,7,7,Sim,1,1,2,2,2
1850,27,1297,3,4,2379,0,S,14,3,6,3,5,4,0,2,Não,2,1,2,1,1
1852,29,574,3,4,3812,1,N,13,3,11,3,11,8,3,10,Não,2,1,2,2,2
1853,32,1318,3,4,4648,8,N,13,3,4,2,0,0,0,0,Não,1,1,2,2,1
1854,42,355,3,3,12936,3,N,22,4,10,1,6,3,3,3,Não,1,1,3,2,2
1856,47,207,3,3,12105,4,N,12,3,7,2,2,2,2,0,Não,2,1,1,1,1
1857,46,706,3,4,18578,3,N,14,3,12,4,9,8,4,7,Não,3,1,1,2,3
1858,28,280,3,4,2706,1,N,15,3,3,2,3,2,2,2,Não,1,1,3,2,3
1859,29,726,1,3,16384,8,N,17,3,11,3,7,0,1,6,Não,4,1,1,2,3
1860,42,1142,3,3,13968,4,N,13,3,8,3,0,0,0,0,Não,2,1,1,2,1
1862,32,414,2,2,19907,7,S,12,3,7,3,2,2,2,2,Não,1,1,1,2,1
1863,46,1319,4,1,13225,2,N,12,3,25,5,19,17,2,8,Não,1,1,1,1,3
1864,27,728,2,3,3540,1,N,21,4,9,5,9,8,5,8,Sim,5,1,1,1,2
1865,29,352,2,2,2804,1,N,11,3,1,3,1,0,0,0,Não,1,1,1,2,2
1866,43,823,2,3,19392,7,N,13,3,21,2,16,12,6,14,Sim,5,1,1,1,2
1867,48,1224,2,2,19665,4,N,12,3,29,3,22,10,12,9,Sim,6,1,1,2,2
1868,29,459,2,4,2439,1,S,24,4,1,3,1,0,1,0,Não,1,1,2,2,1
1869,46,1254,3,2,7314,5,N,21,4,14,2,8,7,0,7,Não,1,1,1,1,2
1870,27,1131,2,1,4774,0,N,19,3,8,2,7,6,7,3,Sim,1,1,2,1,2
1871,39,835,3,4,3902,8,N,14,3,7,2,2,2,2,2,Não,1,1,1,2,3
1873,55,836,2,4,2662,8,N,20,4,19,2,5,2,0,4,Não,1,1,1,2,2
1875,28,1172,3,2,2856,1,N,19,3,1,3,1,0,0,0,Não,5,1,1,1,2
1876,30,945,3,4,1081,1,N,13,3,1,3,1,0,0,0,Não,5,1,1,2,1
1878,22,391,3,2,2472,1,S,23,4,1,2,1,0,0,0,Não,1,1,1,2,1
1880,36,1266,2,3,5673,1,S,13,3,10,4,10,9,1,7,Não,1,1,1,1,2
1881,31,311,3,3,4197,1,N,11,3,10,2,10,8,0,2,Não,2,1,1,2,3
1882,34,1480,3,4,9713,2,S,13,3,9,3,5,3,1,0,Não,1,1,1,2,2
1883,29,592,3,1,2062,3,N,14,3,11,2,3,2,1,2,Não,2,1,1,2,1
1885,37,783,3,1,4284,5,S,22,4,16,2,5,3,0,4,Não,1,1,1,2,2
1886,35,219,2,2,4788,0,S,11,3,4,2,3,2,0,2,Não,3,1,1,1,2
1888,45,556,2,4,5906,0,N,13,3,10,2,9,8,3,8,Não,3,1,1,1,2
1890,36,1213,2,4,3886,1,N,21,4,10,2,10,1,0,8,Não,1,1,2,2,1
1892,40,1137,3,1,16823,2,N,11,3,22,3,19,7,11,16,Sim,5,1,1,2,3
1893,26,482,2,3,2933,1,S,13,3,1,3,1,0,1,0,Não,1,1,1,1,2
1898,27,511,4,3,6500,0,N,14,3,9,5,8,7,0,7,Não,1,1,1,1,1
1900,48,117,3,4,17174,3,N,11,3,24,3,22,17,4,7,Não,5,1,2,1,3
1903,44,170,4,1,5033,2,N,15,3,10,5,2,0,2,2,Não,4,1,1,2,2
1905,34,967,1,1,2307,1,S,23,4,5,2,5,2,3,0,Não,1,1,3,2,2
1907,56,1162,3,4,2587,1,N,16,3,5,3,4,2,1,0,Não,2,1,1,2,1
1908,36,335,2,2,5507,2,N,16,3,12,1,4,2,1,3,Não,1,1,1,2,2
1909,41,337,3,2,4393,5,N,21,4,14,3,5,4,1,4,Não,1,1,1,1,2
1911,42,1396,3,1,13348,9,N,13,3,18,3,13,7,5,7,Sim,6,1,1,2,2
1912,31,1079,3,4,6583,2,S,11,3,8,2,5,2,1,4,Não,1,1,1,1,3
1915,34,735,2,4,8103,3,S,12,3,9,3,4,2,0,1,Não,1,1,1,1,2
1916,31,471,4,3,3978,8,N,12,3,4,0,2,2,2,2,Não,2,1,1,1,3
1918,26,1096,4,4,2544,0,N,18,3,8,3,7,7,7,7,Sim,2,1,2,2,2
1922,45,1297,3,3,5399,4,N,12,3,12,3,4,2,0,3,Não,4,1,2,2,1
1924,33,217,3,3,5487,1,N,14,3,10,2,10,4,0,9,Não,1,1,1,2,1
1927,28,783,2,4,6834,1,S,12,3,7,2,7,7,0,7,Não,1,1,2,2,2
1928,29,746,4,1,1091,1,N,17,3,1,3,1,0,0,0,Não,5,1,2,2,1
1929,39,1251,1,3,5736,6,N,19,3,10,1,3,2,1,2,Não,1,1,3,1,2
1931,27,1354,3,2,2226,1,N,11,3,6,3,5,3,1,2,Não,1,1,1,2,2
1932,34,735,2,4,5747,1,S,15,3,16,3,15,10,6,11,Sim,1,1,2,2,2
1933,28,1475,3,3,9854,3,S,11,3,6,0,2,0,2,2,Não,1,1,1,1,1
1934,47,1169,3,2,5467,8,N,18,3,16,4,8,7,1,7,Não,1,1,3,2,2
1935,56,1443,2,1,5380,4,N,16,3,6,3,0,0,0,0,Não,1,1,1,1,2
1936,39,867,3,1,5151,1,N,25,4,10,3,10,0,7,9,Sim,3,1,1,2,2
1937,38,1394,2,2,2133,1,S,16,3,20,3,20,11,0,7,Não,1,1,2,1,3
1938,58,605,3,4,17875,4,S,13,3,29,2,1,0,0,0,Não,5,1,1,1,2
1939,32,238,4,3,2432,3,S,14,3,8,2,4,1,0,3,Não,1,1,2,1,1
1940,38,1206,3,4,4771,2,N,19,3,10,0,5,2,0,3,Não,1,1,1,2,3
1941,49,1064,3,4,19161,3,N,15,3,28,3,5,4,4,3,Não,6,1,2,2,2
1943,42,419,3,4,5087,3,S,12,3,14,4,0,0,0,0,Não,1,1,1,2,3
1944,27,1337,2,2,2863,1,N,12,3,1,2,1,0,0,0,Não,1,1,2,1,2
1945,35,682,3,1,5561,0,N,16,3,6,2,5,3,0,4,Não,1,1,1,2,2
1947,28,1103,3,3,2144,1,N,14,3,5,3,5,3,1,4,Não,1,1,3,2,1
1948,31,976,3,1,3065,1,S,13,3,4,3,4,2,2,3,Não,1,1,3,2,3
1949,36,1351,4,2,2810,1,N,22,4,5,3,5,4,0,2,Não,2,1,3,2,2
1950,34,937,3,4,9888,1,N,21,4,14,3,14,8,2,1,Não,1,1,1,2,1
1951,34,1239,3,3,8628,1,N,18,3,9,2,8,7,1,1,Não,1,1,1,2,3
1952,26,157,3,1,2867,0,N,13,3,8,6,7,7,7,6,Sim,2,1,1,2,1
1954,29,136,3,1,5373,0,N,12,3,6,5,5,3,0,2,Não,4,1,1,2,2
1955,32,1146,3,4,6667,5,N,18,3,9,6,5,1,1,2,Não,4,1,3,1,3
1956,31,1125,1,1,5003,1,N,21,4,10,6,10,8,8,7,Sim,1,1,2,2,2
1960,28,1404,2,4,2367,5,N,12,3,6,2,4,1,0,3,Não,2,1,1,2,3
1961,38,1404,2,1,2858,4,N,14,3,20,3,1,0,0,0,Não,5,1,1,2,1
1962,35,1224,3,4,5204,1,S,11,3,10,2,10,8,0,9,Não,1,1,1,1,2
1965,27,954,3,4,14105,1,N,14,3,7,5,7,7,0,7,Não,1,1,1,2,1
1966,32,1373,2,4,19679,8,N,24,4,8,1,1,0,0,0,Não,3,1,1,2,1
1967,31,754,3,4,15617,1,S,11,3,10,4,10,7,0,8,Não,1,1,2,2,2
1968,53,1168,3,1,10448,6,S,13,3,15,2,2,2,2,2,Não,1,1,1,2,1
1969,54,155,3,3,12897,3,N,11,3,9,6,4,3,2,3,Não,1,1,1,1,2
1970,33,1303,3,3,5968,1,N,20,4,9,2,9,7,2,8,Não,4,1,2,2,3
1971,43,2303,3,3,15968,1,N,20,4,9,2,9,7,2,8,Não,4,1,2,2,3
